,Time (sec),Condition,Values
0,30,GC,0.903648
1,60,GC,0.900182
2,90,GC,0.91157
3,120,GC,0.890279
4,150,GC,1.163601
5,180,GC,1.146271
6,210,GC,1.139834
7,240,GC,1.120523
8,30,GC,1.059339
9,60,GC,0.970698
10,90,GC,0.954713
11,120,GC,0.948416
12,150,GC,1.216763
13,180,GC,1.204653
14,210,GC,1.206107
15,240,GC,1.196903
16,30,GC,0.897554
17,60,GC,0.867995
18,90,GC,0.92852
19,120,GC,0.869872
20,150,GC,1.173905
21,180,GC,1.115257
22,210,GC,1.112911
23,240,GC,1.043002
24,30,GC,1.063593
25,60,GC,1.126036
26,90,GC,1.03263
27,120,GC,1.111587
28,150,GC,1.33762
29,180,GC,1.261759
30,210,GC,1.205509
31,240,GC,1.196736
32,30,GC,1.009334
33,60,GC,1.030789
34,90,GC,0.960703
35,120,GC,1.029836
36,150,GC,1.273945
37,180,GC,1.176206
38,210,GC,1.137587
39,240,GC,1.113271
40,30,GC,0.902339
41,60,GC,0.899996
42,90,GC,0.925777
43,120,GC,0.92812
44,150,GC,1.134369
45,180,GC,1.038276
46,210,GC,1.022807
47,240,GC,0.977339
48,30,GC,1.164192
49,60,GC,1.176912
50,90,GC,1.15482
51,120,GC,1.176912
52,150,GC,1.503609
53,180,GC,1.399842
54,210,GC,1.491558
55,240,GC,1.41457
56,30,GC,1.100517
57,60,GC,1.103392
58,90,GC,1.061701
59,120,GC,1.15371
60,150,GC,1.717986
61,180,GC,1.61735
62,210,GC,1.529654
63,240,GC,1.468554
64,30,GC,1.018598
65,60,GC,0.954072
66,90,GC,0.983043
67,120,GC,0.931685
68,150,GC,1.480161
69,180,GC,1.610531
70,210,GC,1.617115
71,240,GC,1.649379
72,30,GC,0.974204
73,60,GC,1.011018
74,90,GC,1.041015
75,120,GC,1.049196
76,150,GC,1.794336
77,180,GC,1.70571
78,210,GC,1.696166
79,240,GC,1.651853
80,30,GC,0.850454
81,60,GC,0.864406
82,90,GC,0.841153
83,120,GC,0.843479
84,150,GC,1.359099
85,180,GC,1.469548
86,210,GC,1.546281
87,240,GC,1.489894
88,30,GC,0.994477
89,60,GC,0.93016
90,90,GC,0.892541
91,120,GC,0.955644
92,150,GC,1.667372
93,180,GC,1.488985
94,210,GC,1.567863
95,240,GC,1.570897
96,30,GC,1.195959
97,60,GC,1.280581
98,90,GC,1.379749
99,120,GC,1.439249
100,150,GC,1.915914
101,180,GC,1.843191
102,210,GC,1.816746
103,240,GC,1.703696
104,30,GC,1.038266
105,60,GC,0.966854
106,90,GC,0.956812
107,120,GC,0.915527
108,150,GC,1.327821
109,180,GC,1.567721
110,210,GC,1.582227
111,240,GC,1.471203
112,30,GC,0.934633
113,60,GC,0.888139
114,90,GC,0.896592
115,120,GC,0.873345
116,150,GC,1.439197
117,180,GC,1.504711
118,210,GC,1.549091
119,240,GC,1.502069
120,30,GC,0.892891
121,60,GC,0.870443
122,90,GC,0.855851
123,120,GC,0.892891
124,150,GC,1.438953
125,180,GC,1.420994
126,210,GC,1.444565
127,240,GC,1.399106
128,30,GC,1.178293
129,60,GC,1.378825
130,90,GC,1.161909
131,120,GC,1.151424
132,150,GC,1.883433
133,180,GC,1.879501
134,210,GC,1.744502
135,240,GC,1.738604
136,30,GC,1.101996
137,60,GC,1.135743
138,90,GC,1.042067
139,120,GC,1.066504
140,150,GC,1.403387
141,180,GC,1.425497
142,210,GC,1.477862
143,240,GC,1.481935
144,30,GC,1.023159
145,60,GC,1.095028
146,90,GC,1.111362
147,120,GC,1.103522
148,150,GC,1.698731
149,180,GC,1.751
150,210,GC,1.723559
151,240,GC,1.677171
152,30,GC,0.95614
153,60,GC,0.982303
154,90,GC,0.957924
155,120,GC,0.961491
156,150,GC,1.635189
157,180,GC,1.668488
158,210,GC,1.670866
159,240,GC,1.735679
160,30,GC,1.015239
161,60,GC,0.950761
162,90,GC,0.949002
163,120,GC,0.905626
164,150,GC,1.565063
165,180,GC,1.49355
166,210,GC,1.453691
167,240,GC,1.372214
168,30,GC,0.895512
169,60,GC,0.957719
170,90,GC,0.924672
171,120,GC,0.957071
172,150,GC,1.57071
173,180,GC,1.58367
174,210,GC,1.546087
175,240,GC,1.435282
176,30,GC,0.936426
177,60,GC,0.932604
178,90,GC,0.879731
179,120,GC,0.925596
180,150,GC,1.53268
181,180,GC,1.638427
182,210,GC,1.685566
183,240,GC,1.619953
184,30,GC,1.062234
185,60,GC,1.038728
186,90,GC,1.075106
187,120,GC,1.025856
188,150,GC,1.543541
189,180,GC,1.509962
190,210,GC,1.564808
191,240,GC,1.584396
192,30,GC,0.831001
193,60,GC,0.858548
194,90,GC,0.859007
195,120,GC,0.829624
196,150,GC,1.327765
197,180,GC,1.243288
198,210,GC,1.217577
199,240,GC,1.248338
200,30,TRPL,1.057859
201,60,TRPL,1.089743
202,90,TRPL,1.066425
203,120,TRPL,1.024073
204,150,TRPL,1.243925
205,180,TRPL,1.179682
206,210,TRPL,1.180158
207,240,TRPL,1.089267
208,30,TRPL,1.063663
209,60,TRPL,1.175068
210,90,TRPL,1.100644
211,120,TRPL,1.146408
212,150,TRPL,1.240709
213,180,TRPL,1.17738
214,210,TRPL,1.1612
215,240,TRPL,1.120059
216,30,TRPL,0.845537
217,60,TRPL,0.929344
218,90,TRPL,0.865721
219,120,TRPL,0.81175
220,150,TRPL,0.969713
221,180,TRPL,0.804291
222,210,TRPL,0.825791
223,240,TRPL,0.846414
224,30,TRPL,1.257597
225,60,TRPL,1.292568
226,90,TRPL,1.308061
227,120,TRPL,1.246531
228,150,TRPL,1.374017
229,180,TRPL,1.454139
230,210,TRPL,1.342146
231,240,TRPL,1.375345
232,30,TRPL,1.018081
233,60,TRPL,0.996294
234,90,TRPL,0.935645
235,120,TRPL,0.986873
236,150,TRPL,1.041045
237,180,TRPL,0.907382
238,210,TRPL,0.890306
239,240,TRPL,0.881473
240,30,TRPL,1.161707
241,60,TRPL,1.0266
242,90,TRPL,1.085743
243,120,TRPL,1.038537
244,150,TRPL,1.241469
245,180,TRPL,1.143259
246,210,TRPL,1.091712
247,240,TRPL,1.055357
248,30,TRPL,1.381032
249,60,TRPL,1.230502
250,90,TRPL,1.2598
251,120,TRPL,1.22242
252,150,TRPL,1.551767
253,180,TRPL,1.480038
254,210,TRPL,1.428514
255,240,TRPL,1.544695
256,30,TRPL,1.408407
257,60,TRPL,1.290837
258,90,TRPL,1.311108
259,120,TRPL,1.329757
260,150,TRPL,1.448138
261,180,TRPL,1.267323
262,210,TRPL,1.292459
263,240,TRPL,1.405164
264,30,TRPL,1.147199
265,60,TRPL,1.171029
266,90,TRPL,1.160816
267,120,TRPL,1.166944
268,150,TRPL,1.126094
269,180,TRPL,1.034182
270,210,TRPL,1.026692
271,240,TRPL,0.972907
272,30,TRPL,1.226068
273,60,TRPL,1.160705
274,90,TRPL,1.167031
275,120,TRPL,1.204983
276,150,TRPL,2.331953
277,180,TRPL,2.173819
278,210,TRPL,2.133758
279,240,TRPL,1.999871
280,30,TRPL,1.652305
281,60,TRPL,1.520212
282,90,TRPL,1.538432
283,120,TRPL,1.549819
284,150,TRPL,2.434617
285,180,TRPL,2.174985
286,210,TRPL,2.327576
287,240,TRPL,2.066805
288,30,TRPL,1.030891
289,60,TRPL,1.034563
290,90,TRPL,1.008859
291,120,TRPL,1.045578
292,150,TRPL,1.799239
293,180,TRPL,1.615643
294,210,TRPL,1.707441
295,240,TRPL,1.67164
296,30,TRPL,1.241475
297,60,TRPL,1.371728
298,90,TRPL,1.345677
299,120,TRPL,1.365215
300,150,TRPL,1.958681
301,180,TRPL,1.973334
302,210,TRPL,1.877273
303,240,TRPL,1.783653
304,30,TRPL,1.063277
305,60,TRPL,1.006454
306,90,TRPL,1.04778
307,120,TRPL,1.066721
308,150,TRPL,1.838996
309,180,TRPL,1.620314
310,210,TRPL,1.594485
311,240,TRPL,1.550577
312,30,TRPL,1.126529
313,60,TRPL,1.02266
314,90,TRPL,1.126529
315,120,TRPL,1.060847
316,150,TRPL,1.655807
317,180,TRPL,1.374748
318,210,TRPL,1.383913
319,240,TRPL,1.428974
320,30,TRPL,1.466869
321,60,TRPL,1.412288
322,90,TRPL,1.390845
323,120,TRPL,1.346011
324,150,TRPL,1.920088
325,180,TRPL,1.742699
326,210,TRPL,1.723206
327,240,TRPL,1.702738
328,30,TRPL,1.546548
329,60,TRPL,1.467925
330,90,TRPL,1.503663
331,120,TRPL,1.466138
332,150,TRPL,2.274703
333,180,TRPL,2.212162
334,210,TRPL,2.206802
335,240,TRPL,2.195187
336,30,TRPL,1.214361
337,60,TRPL,1.159371
338,90,TRPL,1.135542
339,120,TRPL,1.034727
340,150,TRPL,1.904484
341,180,TRPL,1.902651
342,210,TRPL,1.807335
343,240,TRPL,1.777091
344,30,TRPL,1.028923
345,60,TRPL,1.028923
346,90,TRPL,0.925345
347,120,TRPL,0.981592
348,150,TRPL,1.804045
349,180,TRPL,1.596888
350,210,TRPL,1.570822
351,240,TRPL,1.437062
352,30,TRPL,0.988939
353,60,TRPL,1.044339
354,90,TRPL,0.965954
355,120,TRPL,1.01546
356,150,TRPL,1.647839
357,180,TRPL,1.517002
358,210,TRPL,1.47339
359,240,TRPL,1.43626
360,30,TRPL,0.837021
361,60,TRPL,0.773118
362,90,TRPL,0.801927
363,120,TRPL,0.777832
364,150,TRPL,1.217294
365,180,TRPL,1.191104
366,210,TRPL,1.121964
367,240,TRPL,1.139249
368,30,TRPL,0.742145
369,60,TRPL,0.729724
370,90,TRPL,0.764399
371,120,TRPL,0.748873
372,150,TRPL,1.221382
373,180,TRPL,1.18826
374,210,TRPL,1.158243
375,240,TRPL,1.169111
376,30,TRPL,0.985775
377,60,TRPL,0.930769
378,90,TRPL,0.917017
379,120,TRPL,0.93294
380,150,TRPL,1.556106
381,180,TRPL,1.459121
382,210,TRPL,1.543078
383,240,TRPL,1.572753
384,30,TRPL,1.074934
385,60,TRPL,1.09212
386,90,TRPL,0.978846
387,120,TRPL,1.030405
388,150,TRPL,1.831138
389,180,TRPL,1.710832
390,210,TRPL,1.653023
391,240,TRPL,1.649117
392,30,TRPL,1.052263
393,60,TRPL,1.011113
394,90,TRPL,0.898685
395,120,TRPL,0.926608
396,150,TRPL,1.665103
397,180,TRPL,1.738585
398,210,TRPL,1.507851
399,240,TRPL,1.511525
400,30,TRPL,1.003146
401,60,TRPL,1.10574
402,90,TRPL,1.043993
403,120,TRPL,1.032594
404,150,TRPL,2.049989
405,180,TRPL,1.916996
406,210,TRPL,1.985392
407,240,TRPL,2.244728
408,30,TIC 2.5 Um,0.959788
409,60,TIC 2.5 Um,1.006353
410,90,TIC 2.5 Um,0.975078
411,120,TIC 2.5 Um,1.080022
412,150,TIC 2.5 Um,1.491459
413,180,TIC 2.5 Um,1.321185
414,210,TIC 2.5 Um,1.194001
415,240,TIC 2.5 Um,1.083497
416,30,TIC 2.5 Um,0.83748
417,60,TIC 2.5 Um,0.741644
418,90,TIC 2.5 Um,0.764279
419,120,TIC 2.5 Um,0.765723
420,150,TIC 2.5 Um,0.979548
421,180,TIC 2.5 Um,0.965582
422,210,TIC 2.5 Um,0.941984
423,240,TIC 2.5 Um,0.93476
424,30,TIC 2.5 Um,0.915995
425,60,TIC 2.5 Um,0.846644
426,90,TIC 2.5 Um,0.901563
427,120,TIC 2.5 Um,0.935638
428,150,TIC 2.5 Um,1.047882
429,180,TIC 2.5 Um,1.042671
430,210,TIC 2.5 Um,0.951673
431,240,TIC 2.5 Um,1.054697
432,30,TIC 2.5 Um,0.839137
433,60,TIC 2.5 Um,0.804232
434,90,TIC 2.5 Um,0.857306
435,120,TIC 2.5 Um,0.800407
436,150,TIC 2.5 Um,1.017483
437,180,TIC 2.5 Um,0.939546
438,210,TIC 2.5 Um,0.961062
439,240,TIC 2.5 Um,0.954847
440,30,TIC 2.5 Um,1.380421
441,60,TIC 2.5 Um,1.507989
442,90,TIC 2.5 Um,1.499551
443,120,TIC 2.5 Um,1.463316
444,150,TIC 2.5 Um,1.541743
445,180,TIC 2.5 Um,1.384392
446,210,TIC 2.5 Um,1.453388
447,240,TIC 2.5 Um,1.470761
448,30,TIC 2.5 Um,1.48984
449,60,TIC 2.5 Um,1.431139
450,90,TIC 2.5 Um,1.412355
451,120,TIC 2.5 Um,1.485144
452,150,TIC 2.5 Um,2.96794
453,180,TIC 2.5 Um,2.831753
454,210,TIC 2.5 Um,2.740179
455,240,TIC 2.5 Um,2.640387
456,30,TIC 2.5 Um,1.227553
457,60,TIC 2.5 Um,1.251993
458,90,TIC 2.5 Um,1.283098
459,120,TIC 2.5 Um,1.296429
460,150,TIC 2.5 Um,2.606189
461,180,TIC 2.5 Um,2.550643
462,210,TIC 2.5 Um,2.539534
463,240,TIC 2.5 Um,2.425111
464,30,TIC 2.5 Um,1.033589
465,60,TIC 2.5 Um,1.072777
466,90,TIC 2.5 Um,1.010076
467,120,TIC 2.5 Um,0.978726
468,150,TIC 2.5 Um,1.534219
469,180,TIC 2.5 Um,1.547934
470,210,TIC 2.5 Um,1.489152
471,240,TIC 2.5 Um,1.568508
472,30,TIC 2.5 Um,1.208568
473,60,TIC 2.5 Um,1.156649
474,90,TIC 2.5 Um,1.152803
475,120,TIC 2.5 Um,1.197031
476,150,TIC 2.5 Um,1.926787
477,180,TIC 2.5 Um,2.169078
478,210,TIC 2.5 Um,2.244072
479,240,TIC 2.5 Um,2.291184
480,30,TIC 2.5 Um,1.008675
481,60,TIC 2.5 Um,0.974236
482,90,TIC 2.5 Um,1.0123
483,120,TIC 2.5 Um,1.037675
484,150,TIC 2.5 Um,1.906785
485,180,TIC 2.5 Um,1.94666
486,210,TIC 2.5 Um,1.968411
487,240,TIC 2.5 Um,2.049069
488,30,TIC 2.5 Um,1.117318
489,60,TIC 2.5 Um,1.069221
490,90,TIC 2.5 Um,1.037774
491,120,TIC 2.5 Um,0.997077
492,150,TIC 2.5 Um,1.942357
493,180,TIC 2.5 Um,1.828899
494,210,TIC 2.5 Um,1.641446
495,240,TIC 2.5 Um,1.598899
496,30,TIC 2.5 Um,1.048854
497,60,TIC 2.5 Um,1.074026
498,90,TIC 2.5 Um,1.076124
499,120,TIC 2.5 Um,1.018786
500,150,TIC 2.5 Um,1.72012
501,180,TIC 2.5 Um,1.672572
502,210,TIC 2.5 Um,1.634813
503,240,TIC 2.5 Um,1.613137
504,30,TIC 2.5 Um,1.177369
505,60,TIC 2.5 Um,1.331176
506,90,TIC 2.5 Um,1.277411
507,120,TIC 2.5 Um,1.2393
508,150,TIC 2.5 Um,1.569372
509,180,TIC 2.5 Um,1.668733
510,210,TIC 2.5 Um,1.76129
511,240,TIC 2.5 Um,1.78647
512,30,TIC 2.5 Um,1.021186
513,60,TIC 2.5 Um,1.005821
514,90,TIC 2.5 Um,1.00523
515,120,TIC 2.5 Um,1.039505
516,150,TIC 2.5 Um,1.573146
517,180,TIC 2.5 Um,1.586147
518,210,TIC 2.5 Um,1.555417
519,240,TIC 2.5 Um,1.457908
520,30,TIC 2.5 Um,0.942064
521,60,TIC 2.5 Um,0.878251
522,90,TIC 2.5 Um,0.854996
523,120,TIC 2.5 Um,0.867975
524,150,TIC 2.5 Um,1.372537
525,180,TIC 2.5 Um,1.417964
526,210,TIC 2.5 Um,1.315213
527,240,TIC 2.5 Um,1.402281
528,30,TIC 1Um,0.965813
529,60,TIC 1Um,0.989482
530,90,TIC 1Um,0.991214
531,120,TIC 1Um,0.935216
532,150,TIC 1Um,1.188071
533,180,TIC 1Um,1.186339
534,210,TIC 1Um,1.069149
535,240,TIC 1Um,1.107827
536,30,TIC 1Um,1.632081
537,60,TIC 1Um,1.639935
538,90,TIC 1Um,1.599617
539,120,TIC 1Um,1.571866
540,150,TIC 1Um,1.855661
541,180,TIC 1Um,1.798588
542,210,TIC 1Um,1.740468
543,240,TIC 1Um,1.703291
544,30,TIC 1Um,1.729737
545,60,TIC 1Um,1.646081
546,90,TIC 1Um,1.824378
547,120,TIC 1Um,1.723822
548,150,TIC 1Um,1.810013
549,180,TIC 1Um,1.733117
550,210,TIC 1Um,1.774522
551,240,TIC 1Um,1.853108
552,30,TIC 1Um,1.939073
553,60,TIC 1Um,1.76807
554,90,TIC 1Um,1.80227
555,120,TIC 1Um,1.855126
556,150,TIC 1Um,2.105931
557,180,TIC 1Um,1.83958
558,210,TIC 1Um,1.960837
559,240,TIC 1Um,1.692414
560,30,TIC 1Um,2.399187
561,60,TIC 1Um,2.478151
562,90,TIC 1Um,2.440514
563,120,TIC 1Um,2.447156
564,150,TIC 1Um,2.427968
565,180,TIC 1Um,2.304725
566,210,TIC 1Um,2.292179
567,240,TIC 1Um,2.25159
568,30,TIC 1Um,1.085017
569,60,TIC 1Um,1.026453
570,90,TIC 1Um,1.067606
571,120,TIC 1Um,1.047029
572,150,TIC 1Um,1.731595
573,180,TIC 1Um,1.709436
574,210,TIC 1Um,1.622381
575,240,TIC 1Um,1.729221
576,30,TIC 1Um,1.168903
577,60,TIC 1Um,1.198718
578,90,TIC 1Um,1.142596
579,120,TIC 1Um,1.161888
580,150,TIC 1Um,1.958987
581,180,TIC 1Um,1.966003
582,210,TIC 1Um,1.937942
583,240,TIC 1Um,1.901989
584,30,TIC 1Um,1.472688
585,60,TIC 1Um,1.574518
586,90,TIC 1Um,1.47461
587,120,TIC 1Um,1.586046
588,150,TIC 1Um,2.709055
589,180,TIC 1Um,2.766695
590,210,TIC 1Um,2.674471
591,240,TIC 1Um,2.387235
592,30,TIC 1Um,1.011255
593,60,TIC 1Um,1.08305
594,90,TIC 1Um,1.016508
595,120,TIC 1Um,1.070792
596,150,TIC 1Um,1.794868
597,180,TIC 1Um,1.682799
598,210,TIC 1Um,1.833393
599,240,TIC 1Um,1.785237
600,30,TIC 1Um,1.536387
601,60,TIC 1Um,1.487806
602,90,TIC 1Um,1.460045
603,120,TIC 1Um,1.428814
604,150,TIC 1Um,2.272916
605,180,TIC 1Um,2.116762
606,210,TIC 1Um,2.04042
607,240,TIC 1Um,2.001381
608,30,TIC 1Um,1.123826
609,60,TIC 1Um,1.075161
610,90,TIC 1Um,1.036115
611,120,TIC 1Um,1.075726
612,150,TIC 1Um,1.583315
613,180,TIC 1Um,1.586711
614,210,TIC 1Um,1.630849
615,240,TIC 1Um,1.592935
616,30,TIC 1Um,1.068598
617,60,TIC 1Um,1.148922
618,90,TIC 1Um,1.003334
619,120,TIC 1Um,1.006203
620,150,TIC 1Um,1.653816
621,180,TIC 1Um,1.609351
622,210,TIC 1Um,1.729837
623,240,TIC 1Um,1.567038
624,30,TIC 1Um,1.092747
625,60,TIC 1Um,1.142292
626,90,TIC 1Um,1.057653
627,120,TIC 1Um,1.126465
628,150,TIC 1Um,1.816658
629,180,TIC 1Um,1.659765
630,210,TIC 1Um,1.619853
631,240,TIC 1Um,1.504936
632,30,TIC 1Um,1.117932
633,60,TIC 1Um,1.187028
634,90,TIC 1Um,1.168425
635,120,TIC 1Um,1.060352
636,150,TIC 1Um,2.12602
637,180,TIC 1Um,2.053381
638,210,TIC 1Um,2.10476
639,240,TIC 1Um,2.233207
640,30,TIC 1Um,0.858629
641,60,TIC 1Um,0.818723
642,90,TIC 1Um,0.820654
643,120,TIC 1Um,0.749852
644,150,TIC 1Um,1.359389
645,180,TIC 1Um,1.345229
646,210,TIC 1Um,1.307897
647,240,TIC 1Um,1.262198
648,30,TIC 0.5 Um,0.942762
649,60,TIC 0.5 Um,1.005858
650,90,TIC 0.5 Um,0.934186
651,120,TIC 0.5 Um,1.007083
652,150,TIC 0.5 Um,1.364831
653,180,TIC 0.5 Um,1.328688
654,210,TIC 0.5 Um,1.204334
655,240,TIC 0.5 Um,1.105709
656,30,TIC 0.5 Um,0.904126
657,60,TIC 0.5 Um,0.904653
658,90,TIC 0.5 Um,0.8978
659,120,TIC 0.5 Um,0.863532
660,150,TIC 0.5 Um,1.099712
661,180,TIC 0.5 Um,1.024324
662,210,TIC 0.5 Um,1.021688
663,240,TIC 0.5 Um,1.002183
664,30,TIC 0.5 Um,1.07422
665,60,TIC 0.5 Um,1.01215
666,90,TIC 0.5 Um,1.065159
667,120,TIC 0.5 Um,1.030273
668,150,TIC 0.5 Um,1.148976
669,180,TIC 0.5 Um,1.135837
670,210,TIC 0.5 Um,1.081922
671,240,TIC 0.5 Um,1.043412
672,30,TIC 0.5 Um,0.982938
673,60,TIC 0.5 Um,0.903552
674,90,TIC 0.5 Um,0.889599
675,120,TIC 0.5 Um,0.88142
676,150,TIC 0.5 Um,1.177793
677,180,TIC 0.5 Um,1.100332
678,210,TIC 0.5 Um,1.055587
679,240,TIC 0.5 Um,1.015654
680,30,TIC 0.5 Um,1.049549
681,60,TIC 0.5 Um,1.062014
682,90,TIC 0.5 Um,1.064507
683,120,TIC 0.5 Um,1.064009
684,150,TIC 0.5 Um,1.107885
685,180,TIC 0.5 Um,1.086446
686,210,TIC 0.5 Um,1.023124
687,240,TIC 0.5 Um,1.018636
688,30,TIC 0.5 Um,1.38934
689,60,TIC 0.5 Um,1.435685
690,90,TIC 0.5 Um,1.310755
691,120,TIC 0.5 Um,1.342995
692,150,TIC 0.5 Um,2.492551
693,180,TIC 0.5 Um,2.285006
694,210,TIC 0.5 Um,2.260826
695,240,TIC 0.5 Um,2.040184
696,30,TIC 0.5 Um,1.506132
697,60,TIC 0.5 Um,1.549453
698,90,TIC 0.5 Um,1.529237
699,120,TIC 0.5 Um,1.636095
700,150,TIC 0.5 Um,3.15378
701,180,TIC 0.5 Um,3.225982
702,210,TIC 0.5 Um,3.064249
703,240,TIC 0.5 Um,3.033925
704,30,TIC 0.5 Um,1.526885
705,60,TIC 0.5 Um,1.455131
706,90,TIC 0.5 Um,1.50367
707,120,TIC 0.5 Um,1.444579
708,150,TIC 0.5 Um,1.432971
709,180,TIC 0.5 Um,1.430861
710,210,TIC 0.5 Um,1.390763
711,240,TIC 0.5 Um,1.3475
712,30,TIC 0.5 Um,1.335314
713,60,TIC 0.5 Um,1.351222
714,90,TIC 0.5 Um,1.327359
715,120,TIC 0.5 Um,1.390993
716,150,TIC 0.5 Um,1.27864
717,180,TIC 0.5 Um,1.276651
718,210,TIC 0.5 Um,1.254777
719,240,TIC 0.5 Um,1.311451
720,30,TIC 0.5 Um,1.582007
721,60,TIC 0.5 Um,1.649764
722,90,TIC 0.5 Um,1.53889
723,120,TIC 0.5 Um,1.579954
724,150,TIC 0.5 Um,1.375659
725,180,TIC 0.5 Um,1.509118
726,210,TIC 0.5 Um,1.387978
727,240,TIC 0.5 Um,1.448548
728,30,TIC 0.5 Um,0.798781
729,60,TIC 0.5 Um,0.796583
730,90,TIC 0.5 Um,0.767467
731,120,TIC 0.5 Um,0.800429
732,150,TIC 0.5 Um,1.504169
733,180,TIC 0.5 Um,1.370123
734,210,TIC 0.5 Um,1.245966
735,240,TIC 0.5 Um,1.269589
736,30,TIC 0.5 Um,0.541425
737,60,TIC 0.5 Um,0.514679
738,90,TIC 0.5 Um,0.541064
739,120,TIC 0.5 Um,0.525884
740,150,TIC 0.5 Um,0.899243
741,180,TIC 0.5 Um,0.845751
742,210,TIC 0.5 Um,0.766236
743,240,TIC 0.5 Um,0.713829
744,30,TIC 0.5 Um,0.752109
745,60,TIC 0.5 Um,0.745762
746,90,TIC 0.5 Um,0.724077
747,120,TIC 0.5 Um,0.712441
748,150,TIC 0.5 Um,1.039835
749,180,TIC 0.5 Um,1.054645
750,210,TIC 0.5 Um,1.07157
751,240,TIC 0.5 Um,1.010745
752,30,TIC 0.5 Um,0.463662
753,60,TIC 0.5 Um,0.528178
754,90,TIC 0.5 Um,0.508681
755,120,TIC 0.5 Um,0.456927
756,150,TIC 0.5 Um,0.755755
757,180,TIC 0.5 Um,0.811763
758,210,TIC 0.5 Um,0.823106
759,240,TIC 0.5 Um,0.766744
760,30,TIC 0.5 Um,0.786732
761,60,TIC 0.5 Um,0.834125
762,90,TIC 0.5 Um,0.771092
763,120,TIC 0.5 Um,0.781519
764,150,TIC 0.5 Um,1.106164
765,180,TIC 0.5 Um,1.114695
766,210,TIC 0.5 Um,1.214221
767,240,TIC 0.5 Um,1.250714
768,30,Tyr 2.5 Um,1.590775
769,60,Tyr 2.5 Um,1.542358
770,90,Tyr 2.5 Um,1.608275
771,120,Tyr 2.5 Um,1.557525
772,150,Tyr 2.5 Um,1.835196
773,180,Tyr 2.5 Um,1.702777
774,210,Tyr 2.5 Um,1.68236
775,240,Tyr 2.5 Um,1.635109
776,30,Tyr 2.5 Um,1.912871
777,60,Tyr 2.5 Um,1.96181
778,90,Tyr 2.5 Um,1.918545
779,120,Tyr 2.5 Um,1.851165
780,150,Tyr 2.5 Um,1.950461
781,180,Tyr 2.5 Um,2.00933
782,210,Tyr 2.5 Um,1.852584
783,240,Tyr 2.5 Um,1.77953
784,30,Tyr 2.5 Um,3.022852
785,60,Tyr 2.5 Um,3.006548
786,90,Tyr 2.5 Um,2.861981
787,120,Tyr 2.5 Um,3.010896
788,150,Tyr 2.5 Um,3.060896
789,180,Tyr 2.5 Um,3.075027
790,210,Tyr 2.5 Um,2.984808
791,240,Tyr 2.5 Um,3.096766
792,30,Tyr 2.5 Um,2.906891
793,60,Tyr 2.5 Um,3.340609
794,90,Tyr 2.5 Um,3.591856
795,120,Tyr 2.5 Um,3.601681
796,150,Tyr 2.5 Um,4.210851
797,180,Tyr 2.5 Um,4.02417
798,210,Tyr 2.5 Um,3.859947
799,240,Tyr 2.5 Um,3.951182
800,30,Tyr 2.5 Um,2.312242
801,60,Tyr 2.5 Um,2.789894
802,90,Tyr 2.5 Um,2.654327
803,120,Tyr 2.5 Um,3.038222
804,150,Tyr 2.5 Um,2.736681
805,180,Tyr 2.5 Um,2.580842
806,210,Tyr 2.5 Um,2.706273
807,240,Tyr 2.5 Um,2.436406
808,30,Tyr 2.5 Um,1.69434
809,60,Tyr 2.5 Um,1.710536
810,90,Tyr 2.5 Um,1.856305
811,120,Tyr 2.5 Um,1.592661
812,150,Tyr 2.5 Um,1.632253
813,180,Tyr 2.5 Um,1.628653
814,210,Tyr 2.5 Um,1.633153
815,240,Tyr 2.5 Um,1.633153
816,30,Tyr 2.5 Um,1.834397
817,60,Tyr 2.5 Um,1.843629
818,90,Tyr 2.5 Um,1.902714
819,120,Tyr 2.5 Um,1.859323
820,150,Tyr 2.5 Um,1.850091
821,180,Tyr 2.5 Um,1.953489
822,210,Tyr 2.5 Um,1.889789
823,240,Tyr 2.5 Um,1.889789
824,30,Tyr 2.5 Um,1.775779
825,60,Tyr 2.5 Um,1.757628
826,90,Tyr 2.5 Um,1.801997
827,120,Tyr 2.5 Um,1.710233
828,150,Tyr 2.5 Um,1.710233
829,180,Tyr 2.5 Um,1.796955
830,210,Tyr 2.5 Um,1.78788
831,240,Tyr 2.5 Um,1.78788
832,30,Tyr 2.5 Um,2.054171
833,60,Tyr 2.5 Um,2.111147
834,90,Tyr 2.5 Um,1.901558
835,120,Tyr 2.5 Um,1.941237
836,150,Tyr 2.5 Um,2.130478
837,180,Tyr 2.5 Um,2.010422
838,210,Tyr 2.5 Um,2.068415
839,240,Tyr 2.5 Um,2.068415
840,30,Tyr 2.5 Um,1.856163
841,60,Tyr 2.5 Um,1.843605
842,90,Tyr 2.5 Um,1.804363
843,120,Tyr 2.5 Um,1.789451
844,150,Tyr 2.5 Um,1.725093
845,180,Tyr 2.5 Um,1.657596
846,210,Tyr 2.5 Um,1.677218
847,240,Tyr 2.5 Um,1.677218
848,30,Tyr 2.5 Um,1.066738
849,60,Tyr 2.5 Um,1.117875
850,90,Tyr 2.5 Um,1.126794
851,120,Tyr 2.5 Um,1.037602
852,150,Tyr 2.5 Um,1.631622
853,180,Tyr 2.5 Um,1.730328
854,210,Tyr 2.5 Um,1.827844
855,240,Tyr 2.5 Um,1.639352
856,30,Tyr 2.5 Um,0.961819
857,60,Tyr 2.5 Um,0.926019
858,90,Tyr 2.5 Um,0.875303
859,120,Tyr 2.5 Um,0.932583
860,150,Tyr 2.5 Um,1.544161
861,180,Tyr 2.5 Um,1.510748
862,210,Tyr 2.5 Um,1.454662
863,240,Tyr 2.5 Um,1.476738
864,30,Tyr 2.5 Um,1.039116
865,60,Tyr 2.5 Um,1.067062
866,90,Tyr 2.5 Um,1.024507
867,120,Tyr 2.5 Um,1.108348
868,150,Tyr 2.5 Um,1.58535
869,180,Tyr 2.5 Um,1.632351
870,210,Tyr 2.5 Um,1.660298
871,240,Tyr 2.5 Um,1.733341
872,30,Tyr 2.5 Um,0.733034
873,60,Tyr 2.5 Um,0.756794
874,90,Tyr 2.5 Um,0.773954
875,120,Tyr 2.5 Um,0.745794
876,150,Tyr 2.5 Um,1.22319
877,180,Tyr 2.5 Um,1.180071
878,210,Tyr 2.5 Um,1.151031
879,240,Tyr 2.5 Um,1.096031
880,30,Tyr 2.5 Um,1.065691
881,60,Tyr 2.5 Um,1.041157
882,90,Tyr 2.5 Um,1.00359
883,120,Tyr 2.5 Um,1.052657
884,150,Tyr 2.5 Um,1.91211
885,180,Tyr 2.5 Um,1.809375
886,210,Tyr 2.5 Um,2.145182
887,240,Tyr 2.5 Um,1.90521
888,30,Tyr 1 Um,1.422871
889,60,Tyr 1 Um,1.545571
890,90,Tyr 1 Um,1.497558
891,120,Tyr 1 Um,1.428205
892,150,Tyr 1 Um,1.903766
893,180,Tyr 1 Um,1.826792
894,210,Tyr 1 Um,1.763536
895,240,Tyr 1 Um,1.700281
896,30,Tyr 1 Um,1.445585
897,60,Tyr 1 Um,1.432839
898,90,Tyr 1 Um,1.386554
899,120,Tyr 1 Um,1.396616
900,150,Tyr 1 Um,1.801782
901,180,Tyr 1 Um,1.586454
902,210,Tyr 1 Um,1.587124
903,240,Tyr 1 Um,1.495224
904,30,Tyr 1 Um,1.214095
905,60,Tyr 1 Um,1.185121
906,90,Tyr 1 Um,1.262955
907,120,Tyr 1 Um,1.140806
908,150,Tyr 1 Um,1.620309
909,180,Tyr 1 Um,1.51975
910,210,Tyr 1 Um,1.480549
911,240,Tyr 1 Um,1.499297
912,30,Tyr 1 Um,1.71228
913,60,Tyr 1 Um,1.631243
914,90,Tyr 1 Um,1.63649
915,120,Tyr 1 Um,1.586935
916,150,Tyr 1 Um,1.912251
917,180,Tyr 1 Um,1.781075
918,210,Tyr 1 Um,1.852784
919,240,Tyr 1 Um,1.798565
920,30,Tyr 1 Um,1.403645
921,60,Tyr 1 Um,1.484409
922,90,Tyr 1 Um,1.380064
923,120,Tyr 1 Um,1.403056
924,150,Tyr 1 Um,1.813361
925,180,Tyr 1 Um,1.779758
926,210,Tyr 1 Um,1.775632
927,240,Tyr 1 Um,1.714911
928,30,Tyr 1 Um,2.619026
929,60,Tyr 1 Um,2.613721
930,90,Tyr 1 Um,2.672069
931,120,Tyr 1 Um,2.550069
932,150,Tyr 1 Um,3.744875
933,180,Tyr 1 Um,3.70244
934,210,Tyr 1 Um,3.479657
935,240,Tyr 1 Um,3.449157
936,30,Tyr 1 Um,1.786512
937,60,Tyr 1 Um,1.77439
938,90,Tyr 1 Um,1.792573
939,120,Tyr 1 Um,1.82894
940,150,Tyr 1 Um,3.512413
941,180,Tyr 1 Um,3.363916
942,210,Tyr 1 Um,3.376038
943,240,Tyr 1 Um,3.63212
944,30,Tyr 1 Um,3.011475
945,60,Tyr 1 Um,3.10362
946,90,Tyr 1 Um,3.36051
947,120,Tyr 1 Um,3.223688
948,150,Tyr 1 Um,4.827853
949,180,Tyr 1 Um,4.699408
950,210,Tyr 1 Um,4.749669
951,240,Tyr 1 Um,4.24287
952,30,Tyr 1 Um,2.226286
953,60,Tyr 1 Um,2.244938
954,90,Tyr 1 Um,2.19431
955,120,Tyr 1 Um,2.183652
956,150,Tyr 1 Um,4.412602
957,180,Tyr 1 Um,4.100842
958,210,Tyr 1 Um,3.296128
959,240,Tyr 1 Um,3.161565
960,30,Tyr 1 Um,2.159504
961,60,Tyr 1 Um,2.079999
962,90,Tyr 1 Um,1.972433
963,120,Tyr 1 Um,1.972433
964,150,Tyr 1 Um,3.126429
965,180,Tyr 1 Um,3.067969
966,210,Tyr 1 Um,3.189566
967,240,Tyr 1 Um,3.244518
968,30,Tyr 1 Um,1.558953
969,60,Tyr 1 Um,1.451161
970,90,Tyr 1 Um,1.50184
971,120,Tyr 1 Um,1.435878
972,150,Tyr 1 Um,2.450243
973,180,Tyr 1 Um,2.258792
974,210,Tyr 1 Um,2.241095
975,240,Tyr 1 Um,2.306253
976,30,Tyr 1 Um,1.427018
977,60,Tyr 1 Um,1.411306
978,90,Tyr 1 Um,1.397735
979,120,Tyr 1 Um,1.316314
980,150,Tyr 1 Um,2.056964
981,180,Tyr 1 Um,1.938402
982,210,Tyr 1 Um,1.982684
983,240,Tyr 1 Um,1.796272
984,30,Tyr 1 Um,1.351815
985,60,Tyr 1 Um,1.324114
986,90,Tyr 1 Um,1.295721
987,120,Tyr 1 Um,1.353893
988,150,Tyr 1 Um,1.853206
989,180,Tyr 1 Um,1.831045
990,210,Tyr 1 Um,1.819965
991,240,Tyr 1 Um,1.943927
992,30,Tyr 1 Um,1.563377
993,60,Tyr 1 Um,1.580894
994,90,Tyr 1 Um,1.537831
995,120,Tyr 1 Um,1.43565
996,150,Tyr 1 Um,2.249452
997,180,Tyr 1 Um,2.196902
998,210,Tyr 1 Um,2.227556
999,240,Tyr 1 Um,2.247263
1000,30,Tyr 1 Um,1.577369
1001,60,Tyr 1 Um,1.461181
1002,90,Tyr 1 Um,1.465602
1003,120,Tyr 1 Um,1.542639
1004,150,Tyr 1 Um,2.298488
1005,180,Tyr 1 Um,2.322483
1006,210,Tyr 1 Um,2.279544
1007,240,Tyr 1 Um,2.166514
1008,30,Tyr 0.5 Um,1.15251
1009,60,Tyr 0.5 Um,1.157694
1010,90,Tyr 0.5 Um,1.187068
1011,120,Tyr 0.5 Um,1.116224
1012,150,Tyr 0.5 Um,1.532072
1013,180,Tyr 0.5 Um,1.419759
1014,210,Tyr 0.5 Um,1.373105
1015,240,Tyr 0.5 Um,1.380593
1016,30,Tyr 0.5 Um,1.674557
1017,60,Tyr 0.5 Um,1.672643
1018,90,Tyr 0.5 Um,1.654143
1019,120,Tyr 0.5 Um,1.643299
1020,150,Tyr 0.5 Um,1.801504
1021,180,Tyr 0.5 Um,1.737074
1022,210,Tyr 0.5 Um,1.78747
1023,240,Tyr 0.5 Um,1.71666
1024,30,Tyr 0.5 Um,1.539651
1025,60,Tyr 0.5 Um,1.456893
1026,90,Tyr 0.5 Um,1.415969
1027,120,Tyr 0.5 Um,1.564205
1028,150,Tyr 0.5 Um,1.835213
1029,180,Tyr 0.5 Um,1.816115
1030,210,Tyr 0.5 Um,1.809749
1031,240,Tyr 0.5 Um,1.765187
1032,30,Tyr 0.5 Um,1.963736
1033,60,Tyr 0.5 Um,1.955118
1034,90,Tyr 0.5 Um,1.968661
1035,120,Tyr 0.5 Um,2.016677
1036,150,Tyr 0.5 Um,2.563322
1037,180,Tyr 0.5 Um,2.451284
1038,210,Tyr 0.5 Um,2.354021
1039,240,Tyr 0.5 Um,2.402037
1040,30,Tyr 0.5 Um,2.084161
1041,60,Tyr 0.5 Um,2.2424
1042,90,Tyr 0.5 Um,2.14908
1043,120,Tyr 0.5 Um,2.172072
1044,150,Tyr 0.5 Um,2.913227
1045,180,Tyr 0.5 Um,2.562936
1046,210,Tyr 0.5 Um,2.769865
1047,240,Tyr 0.5 Um,2.8713
1048,30,Tyr 0.5 Um,1.796444
1049,60,Tyr 0.5 Um,1.803077
1050,90,Tyr 0.5 Um,1.76549
1051,120,Tyr 0.5 Um,1.860563
1052,150,Tyr 0.5 Um,3.132999
1053,180,Tyr 0.5 Um,2.914109
1054,210,Tyr 0.5 Um,2.861045
1055,240,Tyr 0.5 Um,2.725068
1056,30,Tyr 0.5 Um,2.536201
1057,60,Tyr 0.5 Um,2.505096
1058,90,Tyr 0.5 Um,2.467325
1059,120,Tyr 0.5 Um,2.427333
1060,150,Tyr 0.5 Um,3.703765
1061,180,Tyr 0.5 Um,3.461587
1062,210,Tyr 0.5 Um,2.968344
1063,240,Tyr 0.5 Um,2.898357
1064,30,Tyr 0.5 Um,2.636295
1065,60,Tyr 0.5 Um,2.710412
1066,90,Tyr 0.5 Um,2.759823
1067,120,Tyr 0.5 Um,2.835998
1068,150,Tyr 0.5 Um,3.625549
1069,180,Tyr 0.5 Um,3.652313
1070,210,Tyr 0.5 Um,3.051143
1071,240,Tyr 0.5 Um,2.823646
1072,30,Tyr 0.5 Um,2.052922
1073,60,Tyr 0.5 Um,1.937023
1074,90,Tyr 0.5 Um,1.939169
1075,120,Tyr 0.5 Um,1.917706
1076,150,Tyr 0.5 Um,3.474836
1077,180,Tyr 0.5 Um,2.867437
1078,210,Tyr 0.5 Um,2.650663
1079,240,Tyr 0.5 Um,2.656028
1080,30,Tyr 0.5 Um,2.147132
1081,60,Tyr 0.5 Um,2.094355
1082,90,Tyr 0.5 Um,2.103151
1083,120,Tyr 0.5 Um,2.178798
1084,150,Tyr 0.5 Um,2.825312
1085,180,Tyr 0.5 Um,2.709204
1086,210,Tyr 0.5 Um,2.770777
1087,240,Tyr 0.5 Um,2.676658
1088,30,Tyr 0.5 Um,1.466265
1089,60,Tyr 0.5 Um,1.395884
1090,90,Tyr 0.5 Um,1.378289
1091,120,Tyr 0.5 Um,1.470454
1092,150,Tyr 0.5 Um,2.50857
1093,180,Tyr 0.5 Um,2.392944
1094,210,Tyr 0.5 Um,2.334294
1095,240,Tyr 0.5 Um,2.157504
1096,30,Tyr 0.5 Um,1.554444
1097,60,Tyr 0.5 Um,1.543748
1098,90,Tyr 0.5 Um,1.532161
1099,120,Tyr 0.5 Um,1.484031
1100,150,Tyr 0.5 Um,2.559842
1101,180,Tyr 0.5 Um,2.410101
1102,210,Tyr 0.5 Um,2.394058
1103,240,Tyr 0.5 Um,2.336123
1104,30,Tyr 0.5 Um,2.076177
1105,60,Tyr 0.5 Um,1.976398
1106,90,Tyr 0.5 Um,1.866065
1107,120,Tyr 0.5 Um,1.915955
1108,150,Tyr 0.5 Um,2.718986
1109,180,Tyr 0.5 Um,2.697879
1110,210,Tyr 0.5 Um,2.72858
1111,240,Tyr 0.5 Um,2.72954
1112,30,Tyr 0.5 Um,1.437294
1113,60,Tyr 0.5 Um,1.539552
1114,90,Tyr 0.5 Um,1.498838
1115,120,Tyr 0.5 Um,1.491263
1116,150,Tyr 0.5 Um,2.54509
1117,180,Tyr 0.5 Um,2.687115
1118,210,Tyr 0.5 Um,2.728775
1119,240,Tyr 0.5 Um,2.432416
1120,30,Tyr 0.5 Um,1.331448
1121,60,Tyr 0.5 Um,1.308235
1122,90,Tyr 0.5 Um,1.247714
1123,120,Tyr 0.5 Um,1.279218
1124,150,Tyr 0.5 Um,2.236766
1125,180,Tyr 0.5 Um,2.279876
1126,210,Tyr 0.5 Um,2.334593
1127,240,Tyr 0.5 Um,2.461438
