Measurement,Well,Group,Time,OCR,ECAR,PER
1,A01,NOTHING,1.55,1.74,0.09,0.00
1,A02,Background,1.55,0.00,0.00,0.00
1,A03,Background,1.55,0.00,0.00,0.00
1,A04,Background,1.55,0.00,0.00,0.00
1,A05,Background,1.55,0.00,0.00,0.00
1,A06,Background,1.55,0.00,0.00,0.00
1,A07,Background,1.55,0.00,0.00,0.00
1,A08,Background,1.55,0.00,0.00,0.00
1,A09,Background,1.55,0.00,0.00,0.00
1,A10,Background,1.55,0.00,0.00,0.00
1,A11,Background,1.55,0.00,0.00,0.00
1,A12,NOTHING,1.55,-1.63,-0.41,0.00
1,B01,NOTHING,1.55,1.83,-0.75,0.00
1,B02,FCCP,1.55,21.63,13.18,0.00
1,B03,FCCP,1.55,21.55,13.99,0.00
1,B04,FCCP,1.55,21.34,12.21,0.00
1,B05,FCCP,1.55,18.32,10.36,0.00
1,B06,FCCP,1.55,21.74,14.03,0.00
1,B07,FCCP,1.55,20.82,11.45,0.00
1,B08,FCCP,1.55,16.57,8.93,0.00
1,B09,FCCP,1.55,17.44,9.86,0.00
1,B10,FCCP,1.55,22.22,11.61,0.00
1,B11,FCCP,1.55,19.56,14.00,0.00
1,B12,NOTHING,1.55,0.44,-0.89,0.00
1,C01,NOTHING,1.55,4.64,-0.78,0.00
1,C02,T1,1.55,23.52,13.64,0.00
1,C03,T1,1.55,23.37,13.85,0.00
1,C04,T1,1.55,26.99,13.32,0.00
1,C05,T1,1.55,24.89,15.29,0.00
1,C06,T1,1.55,29.82,15.40,0.00
1,C07,T2,1.55,33.53,19.40,0.00
1,C08,T2,1.55,27.61,12.51,0.00
1,C09,T2,1.55,30.92,16.49,0.00
1,C10,T2,1.55,25.60,12.71,0.00
1,C11,T2,1.55,23.58,11.19,0.00
1,C12,NOTHING,1.55,0.95,-0.88,0.00
1,D01,NOTHING,1.55,1.14,-0.21,0.00
1,D02,T3,1.55,19.21,12.01,0.00
1,D03,T3,1.55,25.21,14.64,0.00
1,D04,T3,1.55,35.74,19.99,0.00
1,D05,T3,1.55,30.39,18.01,0.00
1,D06,T3,1.55,32.56,17.60,0.00
1,D07,T4,1.55,30.21,14.64,0.00
1,D08,T4,1.55,34.49,16.23,0.00
1,D09,T4,1.55,37.28,17.44,0.00
1,D10,T4,1.55,25.94,12.98,0.00
1,D11,T4,1.55,20.74,11.28,0.00
1,D12,NOTHING,1.55,-0.17,0.17,0.00
1,E01,NOTHING,1.55,1.05,-0.39,0.00
1,E02,T5,1.55,22.45,15.17,0.00
1,E03,T5,1.55,28.43,16.17,0.00
1,E04,T5,1.55,39.40,20.73,0.00
1,E05,T5,1.55,37.28,21.39,0.00
1,E06,T5,1.55,33.38,20.03,0.00
1,E07,T6,1.55,36.98,18.68,0.00
1,E08,T6,1.55,37.19,18.14,0.00
1,E09,T6,1.55,33.75,17.05,0.00
1,E10,T6,1.55,27.09,14.59,0.00
1,E11,T6,1.55,23.42,12.93,0.00
1,E12,NOTHING,1.55,-0.12,-1.08,0.00
1,F01,NOTHING,1.55,1.98,-0.50,0.00
1,F02,TIC,1.55,22.66,11.35,0.00
1,F03,TIC,1.55,25.78,14.60,0.00
1,F04,TIC,1.55,29.06,16.06,0.00
1,F05,TIC,1.55,30.85,16.38,0.00
1,F06,TIC,1.55,32.89,17.46,0.00
1,F07,NOTHING,1.55,32.47,14.71,0.00
1,F08,NOTHING,1.55,28.37,15.53,0.00
1,F09,NOTHING,1.55,32.99,17.81,0.00
1,F10,NOTHING,1.55,28.90,15.44,0.00
1,F11,NOTHING,1.55,20.88,12.67,0.00
1,F12,NOTHING,1.55,1.16,-1.03,0.00
1,G01,NOTHING,1.55,1.55,0.34,0.00
1,G02,GC,1.55,22.79,15.99,0.00
1,G03,GC,1.55,27.21,19.33,0.00
1,G04,GC,1.55,26.95,20.88,0.00
1,G05,GC,1.55,25.15,17.97,0.00
1,G06,GC,1.55,24.25,17.55,0.00
1,G07,GC,1.55,28.14,19.38,0.00
1,G08,GC,1.55,30.12,18.34,0.00
1,G09,GC,1.55,27.50,19.33,0.00
1,G10,GC,1.55,26.24,16.70,0.00
1,G11,GC,1.55,19.27,15.13,0.00
1,G12,NOTHING,1.55,-1.22,0.36,0.00
1,H01,NOTHING,1.55,1.15,0.86,0.00
1,H02,Background,1.55,0.00,0.00,0.00
1,H03,Background,1.55,0.00,0.00,0.00
1,H04,Background,1.55,0.00,0.00,0.00
1,H05,Background,1.55,0.00,0.00,0.00
1,H06,Background,1.55,0.00,0.00,0.00
1,H07,Background,1.55,0.00,0.00,0.00
1,H08,Background,1.55,0.00,0.00,0.00
1,H09,Background,1.55,0.00,0.00,0.00
1,H10,Background,1.55,0.00,0.00,0.00
1,H11,Background,1.55,0.00,0.00,0.00
1,H12,NOTHING,1.55,-1.76,0.03,0.00
2,A01,NOTHING,8.44,1.91,-0.12,0.00
2,A02,Background,8.44,0.00,0.00,0.00
2,A03,Background,8.44,0.00,0.00,0.00
2,A04,Background,8.44,0.00,0.00,0.00
2,A05,Background,8.44,0.00,0.00,0.00
2,A06,Background,8.44,0.00,0.00,0.00
2,A07,Background,8.44,0.00,0.00,0.00
2,A08,Background,8.44,0.00,0.00,0.00
2,A09,Background,8.44,0.00,0.00,0.00
2,A10,Background,8.44,0.00,0.00,0.00
2,A11,Background,8.44,0.00,0.00,0.00
2,A12,NOTHING,8.44,-2.13,-0.24,0.00
2,B01,NOTHING,8.44,3.08,-0.58,0.00
2,B02,FCCP,8.44,25.77,12.81,0.00
2,B03,FCCP,8.44,23.09,11.98,0.00
2,B04,FCCP,8.44,23.34,12.21,0.00
2,B05,FCCP,8.44,20.10,9.61,0.00
2,B06,FCCP,8.44,25.15,12.78,0.00
2,B07,FCCP,8.44,23.38,10.89,0.00
2,B08,FCCP,8.44,19.88,8.45,0.00
2,B09,FCCP,8.44,20.96,9.85,0.00
2,B10,FCCP,8.44,23.02,11.19,0.00
2,B11,FCCP,8.44,21.93,11.72,0.00
2,B12,NOTHING,8.44,-0.08,-0.50,0.00
2,C01,NOTHING,8.44,5.90,-0.56,0.00
2,C02,T1,8.44,26.68,13.14,0.00
2,C03,T1,8.44,24.66,13.44,0.00
2,C04,T1,8.44,27.63,13.69,0.00
2,C05,T1,8.44,28.45,15.03,0.00
2,C06,T1,8.44,30.43,14.74,0.00
2,C07,T2,8.44,35.32,17.52,0.00
2,C08,T2,8.44,26.64,11.78,0.00
2,C09,T2,8.44,32.80,15.29,0.00
2,C10,T2,8.44,25.46,12.57,0.00
2,C11,T2,8.44,22.07,10.63,0.00
2,C12,NOTHING,8.44,0.08,-0.63,0.00
2,D01,NOTHING,8.44,1.94,-0.22,0.00
2,D02,T3,8.44,23.10,11.44,0.00
2,D03,T3,8.44,27.10,14.32,0.00
2,D04,T3,8.44,37.43,19.92,0.00
2,D05,T3,8.44,32.75,17.99,0.00
2,D06,T3,8.44,33.05,17.30,0.00
2,D07,T4,8.44,29.46,14.26,0.00
2,D08,T4,8.44,34.64,16.01,0.00
2,D09,T4,8.44,37.93,17.36,0.00
2,D10,T4,8.44,26.40,13.12,0.00
2,D11,T4,8.44,21.34,11.42,0.00
2,D12,NOTHING,8.44,-0.58,-0.06,0.00
2,E01,NOTHING,8.44,2.49,-0.21,0.00
2,E02,T5,8.44,24.23,14.33,0.00
2,E03,T5,8.44,29.14,15.30,0.00
2,E04,T5,8.44,40.10,20.70,0.00
2,E05,T5,8.44,39.62,20.51,0.00
2,E06,T5,8.44,38.37,19.02,0.00
2,E07,T6,8.44,35.81,18.30,0.00
2,E08,T6,8.44,37.01,17.67,0.00
2,E09,T6,8.44,33.66,16.26,0.00
2,E10,T6,8.44,27.05,14.90,0.00
2,E11,T6,8.44,28.94,13.56,0.00
2,E12,NOTHING,8.44,-1.16,-0.65,0.00
2,F01,NOTHING,8.44,1.69,-0.29,0.00
2,F02,TIC,8.44,24.33,10.87,0.00
2,F03,TIC,8.44,26.45,13.95,0.00
2,F04,TIC,8.44,34.22,19.88,0.00
2,F05,TIC,8.44,31.02,16.15,0.00
2,F06,TIC,8.44,33.66,17.67,0.00
2,F07,NOTHING,8.44,30.66,14.25,0.00
2,F08,NOTHING,8.44,28.66,15.28,0.00
2,F09,NOTHING,8.44,33.20,16.67,0.00
2,F10,NOTHING,8.44,28.92,14.94,0.00
2,F11,NOTHING,8.44,21.83,12.47,0.00
2,F12,NOTHING,8.44,-0.17,-0.84,0.00
2,G01,NOTHING,8.44,2.08,0.11,0.00
2,G02,GC,8.44,21.95,16.63,0.00
2,G03,GC,8.44,26.11,19.30,0.00
2,G04,GC,8.44,27.01,20.62,0.00
2,G05,GC,8.44,24.43,18.15,0.00
2,G06,GC,8.44,24.82,17.80,0.00
2,G07,GC,8.44,28.96,19.56,0.00
2,G08,GC,8.44,29.85,17.89,0.00
2,G09,GC,8.44,28.27,18.67,0.00
2,G10,GC,8.44,26.10,16.36,0.00
2,G11,GC,8.44,19.53,14.64,0.00
2,G12,NOTHING,8.44,-0.92,0.31,0.00
2,H01,NOTHING,8.44,0.75,0.65,0.00
2,H02,Background,8.44,0.00,0.00,0.00
2,H03,Background,8.44,0.00,0.00,0.00
2,H04,Background,8.44,0.00,0.00,0.00
2,H05,Background,8.44,0.00,0.00,0.00
2,H06,Background,8.44,0.00,0.00,0.00
2,H07,Background,8.44,0.00,0.00,0.00
2,H08,Background,8.44,0.00,0.00,0.00
2,H09,Background,8.44,0.00,0.00,0.00
2,H10,Background,8.44,0.00,0.00,0.00
2,H11,Background,8.44,0.00,0.00,0.00
2,H12,NOTHING,8.44,-1.68,0.12,0.00
3,A01,NOTHING,15.31,1.61,-0.18,0.00
3,A02,Background,15.31,0.00,0.00,0.00
3,A03,Background,15.31,0.00,0.00,0.00
3,A04,Background,15.31,0.00,0.00,0.00
3,A05,Background,15.31,0.00,0.00,0.00
3,A06,Background,15.31,0.00,0.00,0.00
3,A07,Background,15.31,0.00,0.00,0.00
3,A08,Background,15.31,0.00,0.00,0.00
3,A09,Background,15.31,0.00,0.00,0.00
3,A10,Background,15.31,0.00,0.00,0.00
3,A11,Background,15.31,0.00,0.00,0.00
3,A12,NOTHING,15.31,-1.29,-0.41,0.00
3,B01,NOTHING,15.31,2.00,-0.69,0.00
3,B02,FCCP,15.31,25.84,12.63,0.00
3,B03,FCCP,15.31,22.66,11.69,0.00
3,B04,FCCP,15.31,22.86,12.80,0.00
3,B05,FCCP,15.31,19.34,9.27,0.00
3,B06,FCCP,15.31,25.36,12.67,0.00
3,B07,FCCP,15.31,22.28,10.69,0.00
3,B08,FCCP,15.31,20.21,8.76,0.00
3,B09,FCCP,15.31,21.21,10.09,0.00
3,B10,FCCP,15.31,22.38,11.10,0.00
3,B11,FCCP,15.31,21.77,10.70,0.00
3,B12,NOTHING,15.31,-0.42,-0.46,0.00
3,C01,NOTHING,15.31,7.36,-0.63,0.00
3,C02,T1,15.31,25.82,12.87,0.00
3,C03,T1,15.31,24.37,13.14,0.00
3,C04,T1,15.31,27.41,13.82,0.00
3,C05,T1,15.31,28.30,14.54,0.00
3,C06,T1,15.31,29.92,14.79,0.00
3,C07,T2,15.31,33.08,17.65,0.00
3,C08,T2,15.31,25.43,11.76,0.00
3,C09,T2,15.31,31.91,15.25,0.00
3,C10,T2,15.31,24.80,12.54,0.00
3,C11,T2,15.31,21.56,10.86,0.00
3,C12,NOTHING,15.31,-0.22,-0.20,0.00
3,D01,NOTHING,15.31,1.71,-0.26,0.00
3,D02,T3,15.31,22.73,11.66,0.00
3,D03,T3,15.31,26.03,13.98,0.00
3,D04,T3,15.31,37.47,20.20,0.00
3,D05,T3,15.31,31.89,18.39,0.00
3,D06,T3,15.31,32.55,17.21,0.00
3,D07,T4,15.31,28.33,14.23,0.00
3,D08,T4,15.31,34.13,16.20,0.00
3,D09,T4,15.31,36.03,16.92,0.00
3,D10,T4,15.31,26.05,13.19,0.00
3,D11,T4,15.31,20.32,11.33,0.00
3,D12,NOTHING,15.31,-0.82,-0.14,0.00
3,E01,NOTHING,15.31,1.32,-0.46,0.00
3,E02,T5,15.31,24.48,14.16,0.00
3,E03,T5,15.31,28.25,15.25,0.00
3,E04,T5,15.31,37.34,20.05,0.00
3,E05,T5,15.31,37.89,20.00,0.00
3,E06,T5,15.31,38.26,19.37,0.00
3,E07,T6,15.31,34.89,18.26,0.00
3,E08,T6,15.31,34.68,17.92,0.00
3,E09,T6,15.31,31.43,14.78,0.00
3,E10,T6,15.31,25.78,15.08,0.00
3,E11,T6,15.31,28.34,13.80,0.00
3,E12,NOTHING,15.31,-1.61,-0.30,0.00
3,F01,NOTHING,15.31,2.71,-0.43,0.00
3,F02,TIC,15.31,20.65,11.86,0.00
3,F03,TIC,15.31,24.85,13.55,0.00
3,F04,TIC,15.31,31.75,19.55,0.00
3,F05,TIC,15.31,30.08,16.01,0.00
3,F06,TIC,15.31,33.01,17.28,0.00
3,F07,NOTHING,15.31,29.82,14.88,0.00
3,F08,NOTHING,15.31,27.53,15.65,0.00
3,F09,NOTHING,15.31,32.31,16.48,0.00
3,F10,NOTHING,15.31,27.87,15.14,0.00
3,F11,NOTHING,15.31,21.21,12.38,0.00
3,F12,NOTHING,15.31,-0.55,-0.82,0.00
3,G01,NOTHING,15.31,1.75,0.12,0.00
3,G02,GC,15.31,20.81,16.45,0.00
3,G03,GC,15.31,25.40,19.32,0.00
3,G04,GC,15.31,26.46,20.77,0.00
3,G05,GC,15.31,24.69,18.64,0.00
3,G06,GC,15.31,24.84,18.04,0.00
3,G07,GC,15.31,28.34,19.73,0.00
3,G08,GC,15.31,29.07,18.10,0.00
3,G09,GC,15.31,27.00,18.59,0.00
3,G10,GC,15.31,25.44,16.71,0.00
3,G11,GC,15.31,19.11,14.59,0.00
3,G12,NOTHING,15.31,-1.84,0.48,0.00
3,H01,NOTHING,15.31,0.92,0.45,0.00
3,H02,Background,15.31,0.00,0.00,0.00
3,H03,Background,15.31,0.00,0.00,0.00
3,H04,Background,15.31,0.00,0.00,0.00
3,H05,Background,15.31,0.00,0.00,0.00
3,H06,Background,15.31,0.00,0.00,0.00
3,H07,Background,15.31,0.00,0.00,0.00
3,H08,Background,15.31,0.00,0.00,0.00
3,H09,Background,15.31,0.00,0.00,0.00
3,H10,Background,15.31,0.00,0.00,0.00
3,H11,Background,15.31,0.00,0.00,0.00
3,H12,NOTHING,15.31,-1.49,0.08,0.00
4,A01,NOTHING,22.30,1.38,-0.59,0.00
4,A02,Background,22.30,0.00,0.00,0.00
4,A03,Background,22.30,0.00,0.00,0.00
4,A04,Background,22.30,0.00,0.00,0.00
4,A05,Background,22.30,0.00,0.00,0.00
4,A06,Background,22.30,0.00,0.00,0.00
4,A07,Background,22.30,0.00,0.00,0.00
4,A08,Background,22.30,0.00,0.00,0.00
4,A09,Background,22.30,0.00,0.00,0.00
4,A10,Background,22.30,0.00,0.00,0.00
4,A11,Background,22.30,0.00,0.00,0.00
4,A12,NOTHING,22.30,-0.93,-0.47,0.00
4,B01,NOTHING,22.30,2.05,-0.69,0.00
4,B02,FCCP,22.30,20.26,14.89,0.00
4,B03,FCCP,22.30,16.42,13.35,0.00
4,B04,FCCP,22.30,17.22,14.15,0.00
4,B05,FCCP,22.30,15.33,10.51,0.00
4,B06,FCCP,22.30,19.38,13.76,0.00
4,B07,FCCP,22.30,16.79,12.05,0.00
4,B08,FCCP,22.30,16.83,13.36,0.00
4,B09,FCCP,22.30,17.97,11.43,0.00
4,B10,FCCP,22.30,15.56,15.60,0.00
4,B11,FCCP,22.30,15.70,11.68,0.00
4,B12,NOTHING,22.30,-0.56,-0.60,0.00
4,C01,NOTHING,22.30,6.35,-0.57,0.00
4,C02,T1,22.30,19.70,15.17,0.00
4,C03,T1,22.30,18.14,15.45,0.00
4,C04,T1,22.30,19.78,15.40,0.00
4,C05,T1,22.30,20.30,16.77,0.00
4,C06,T1,22.30,20.32,16.68,0.00
4,C07,T2,22.30,23.20,18.28,0.00
4,C08,T2,22.30,20.21,13.76,0.00
4,C09,T2,22.30,23.97,17.41,0.00
4,C10,T2,22.30,17.32,13.24,0.00
4,C11,T2,22.30,14.76,11.33,0.00
4,C12,NOTHING,22.30,-0.99,-0.21,0.00
4,D01,NOTHING,22.30,1.33,-0.23,0.00
4,D02,T3,22.30,17.12,13.06,0.00
4,D03,T3,22.30,18.80,15.61,0.00
4,D04,T3,22.30,26.66,23.28,0.00
4,D05,T3,22.30,24.38,21.87,0.00
4,D06,T3,22.30,22.41,18.94,0.00
4,D07,T4,22.30,20.19,15.35,0.00
4,D08,T4,22.30,23.75,19.61,0.00
4,D09,T4,22.30,24.00,18.87,0.00
4,D10,T4,22.30,18.24,15.90,0.00
4,D11,T4,22.30,13.83,12.35,0.00
4,D12,NOTHING,22.30,-1.30,-0.15,0.00
4,E01,NOTHING,22.30,1.08,-0.44,0.00
4,E02,T5,22.30,16.37,16.45,0.00
4,E03,T5,22.30,18.92,17.05,0.00
4,E04,T5,22.30,25.69,23.02,0.00
4,E05,T5,22.30,27.23,23.89,0.00
4,E06,T5,22.30,27.18,22.90,0.00
4,E07,T6,22.30,23.77,20.59,0.00
4,E08,T6,22.30,24.75,19.89,0.00
4,E09,T6,22.30,22.76,16.91,0.00
4,E10,T6,22.30,19.06,17.03,0.00
4,E11,T6,22.30,20.73,15.25,0.00
4,E12,NOTHING,22.30,-1.09,-0.79,0.00
4,F01,NOTHING,22.30,1.63,-0.51,0.00
4,F02,TIC,22.30,18.79,13.81,0.00
4,F03,TIC,22.30,18.50,15.56,0.00
4,F04,TIC,22.30,19.93,17.42,0.00
4,F05,TIC,22.30,21.73,16.98,0.00
4,F06,TIC,22.30,21.34,19.29,0.00
4,F07,NOTHING,22.30,21.37,15.59,0.00
4,F08,NOTHING,22.30,19.14,17.50,0.00
4,F09,NOTHING,22.30,22.41,17.74,0.00
4,F10,NOTHING,22.30,19.54,16.81,0.00
4,F11,NOTHING,22.30,13.73,12.40,0.00
4,F12,NOTHING,22.30,-0.64,-0.83,0.00
4,G01,NOTHING,22.30,1.18,0.14,0.00
4,G02,GC,22.30,14.10,18.19,0.00
4,G03,GC,22.30,17.59,21.05,0.00
4,G04,GC,22.30,16.24,23.30,0.00
4,G05,GC,22.30,17.39,20.85,0.00
4,G06,GC,22.30,16.87,19.84,0.00
4,G07,GC,22.30,19.39,22.14,0.00
4,G08,GC,22.30,19.48,20.54,0.00
4,G09,GC,22.30,18.40,21.01,0.00
4,G10,GC,22.30,18.37,18.66,0.00
4,G11,GC,22.30,14.16,16.50,0.00
4,G12,NOTHING,22.30,-1.43,0.32,0.00
4,H01,NOTHING,22.30,0.39,0.33,0.00
4,H02,Background,22.30,0.00,0.00,0.00
4,H03,Background,22.30,0.00,0.00,0.00
4,H04,Background,22.30,0.00,0.00,0.00
4,H05,Background,22.30,0.00,0.00,0.00
4,H06,Background,22.30,0.00,0.00,0.00
4,H07,Background,22.30,0.00,0.00,0.00
4,H08,Background,22.30,0.00,0.00,0.00
4,H09,Background,22.30,0.00,0.00,0.00
4,H10,Background,22.30,0.00,0.00,0.00
4,H11,Background,22.30,0.00,0.00,0.00
4,H12,NOTHING,22.30,-2.08,0.19,0.00
5,A01,NOTHING,29.17,1.16,-0.31,0.00
5,A02,Background,29.17,0.00,0.00,0.00
5,A03,Background,29.17,0.00,0.00,0.00
5,A04,Background,29.17,0.00,0.00,0.00
5,A05,Background,29.17,0.00,0.00,0.00
5,A06,Background,29.17,0.00,0.00,0.00
5,A07,Background,29.17,0.00,0.00,0.00
5,A08,Background,29.17,0.00,0.00,0.00
5,A09,Background,29.17,0.00,0.00,0.00
5,A10,Background,29.17,0.00,0.00,0.00
5,A11,Background,29.17,0.00,0.00,0.00
5,A12,NOTHING,29.17,-1.24,-0.46,0.00
5,B01,NOTHING,29.17,2.27,-0.48,0.00
5,B02,FCCP,29.17,17.30,14.65,0.00
5,B03,FCCP,29.17,14.84,13.09,0.00
5,B04,FCCP,29.17,15.64,13.99,0.00
5,B05,FCCP,29.17,12.99,10.61,0.00
5,B06,FCCP,29.17,16.26,14.08,0.00
5,B07,FCCP,29.17,14.73,11.94,0.00
5,B08,FCCP,29.17,15.38,11.97,0.00
5,B09,FCCP,29.17,16.07,11.41,0.00
5,B10,FCCP,29.17,15.16,13.74,0.00
5,B11,FCCP,29.17,13.73,12.09,0.00
5,B12,NOTHING,29.17,0.52,-0.47,0.00
5,C01,NOTHING,29.17,6.38,-0.57,0.00
5,C02,T1,29.17,16.54,15.02,0.00
5,C03,T1,29.17,15.52,14.96,0.00
5,C04,T1,29.17,18.18,15.51,0.00
5,C05,T1,29.17,17.95,16.84,0.00
5,C06,T1,29.17,18.37,16.72,0.00
5,C07,T2,29.17,19.62,18.43,0.00
5,C08,T2,29.17,18.05,14.84,0.00
5,C09,T2,29.17,20.59,17.48,0.00
5,C10,T2,29.17,16.43,14.31,0.00
5,C11,T2,29.17,12.97,11.66,0.00
5,C12,NOTHING,29.17,-0.70,-0.12,0.00
5,D01,NOTHING,29.17,1.01,-0.31,0.00
5,D02,T3,29.17,14.82,12.93,0.00
5,D03,T3,29.17,16.20,15.93,0.00
5,D04,T3,29.17,23.87,22.82,0.00
5,D05,T3,29.17,23.38,30.51,0.00
5,D06,T3,29.17,19.44,18.92,0.00
5,D07,T4,29.17,17.36,15.42,0.00
5,D08,T4,29.17,22.41,20.16,0.00
5,D09,T4,29.17,22.50,18.73,0.00
5,D10,T4,29.17,17.32,16.56,0.00
5,D11,T4,29.17,13.42,12.21,0.00
5,D12,NOTHING,29.17,-0.44,0.09,0.00
5,E01,NOTHING,29.17,1.88,-0.47,0.00
5,E02,T5,29.17,14.91,16.52,0.00
5,E03,T5,29.17,17.50,17.33,0.00
5,E04,T5,29.17,23.25,22.97,0.00
5,E05,T5,29.17,22.80,23.40,0.00
5,E06,T5,29.17,23.62,22.85,0.00
5,E07,T6,29.17,20.35,20.82,0.00
5,E08,T6,29.17,22.00,20.05,0.00
5,E09,T6,29.17,20.75,19.81,0.00
5,E10,T6,29.17,17.18,17.02,0.00
5,E11,T6,29.17,16.96,15.36,0.00
5,E12,NOTHING,29.17,-1.07,-0.27,0.00
5,F01,NOTHING,29.17,1.95,-0.46,0.00
5,F02,TIC,29.17,13.24,12.62,0.00
5,F03,TIC,29.17,15.48,15.14,0.00
5,F04,TIC,29.17,18.02,18.65,0.00
5,F05,TIC,29.17,19.57,18.12,0.00
5,F06,TIC,29.17,20.68,19.81,0.00
5,F07,NOTHING,29.17,18.79,16.09,0.00
5,F08,NOTHING,29.17,19.26,17.76,0.00
5,F09,NOTHING,29.17,21.23,18.29,0.00
5,F10,NOTHING,29.17,17.91,16.88,0.00
5,F11,NOTHING,29.17,12.76,12.24,0.00
5,F12,NOTHING,29.17,-1.06,-0.65,0.00
5,G01,NOTHING,29.17,1.19,0.04,0.00
5,G02,GC,29.17,12.59,18.18,0.00
5,G03,GC,29.17,16.28,20.85,0.00
5,G04,GC,29.17,17.78,23.28,0.00
5,G05,GC,29.17,15.67,20.90,0.00
5,G06,GC,29.17,14.93,20.03,0.00
5,G07,GC,29.17,17.05,22.57,0.00
5,G08,GC,29.17,18.59,21.32,0.00
5,G09,GC,29.17,17.92,21.26,0.00
5,G10,GC,29.17,17.10,19.63,0.00
5,G11,GC,29.17,13.70,17.84,0.00
5,G12,NOTHING,29.17,-1.54,0.47,0.00
5,H01,NOTHING,29.17,0.26,0.32,0.00
5,H02,Background,29.17,0.00,0.00,0.00
5,H03,Background,29.17,0.00,0.00,0.00
5,H04,Background,29.17,0.00,0.00,0.00
5,H05,Background,29.17,0.00,0.00,0.00
5,H06,Background,29.17,0.00,0.00,0.00
5,H07,Background,29.17,0.00,0.00,0.00
5,H08,Background,29.17,0.00,0.00,0.00
5,H09,Background,29.17,0.00,0.00,0.00
5,H10,Background,29.17,0.00,0.00,0.00
5,H11,Background,29.17,0.00,0.00,0.00
5,H12,NOTHING,29.17,-0.99,0.26,0.00
6,A01,NOTHING,36.06,1.53,-0.33,0.00
6,A02,Background,36.06,0.00,0.00,0.00
6,A03,Background,36.06,0.00,0.00,0.00
6,A04,Background,36.06,0.00,0.00,0.00
6,A05,Background,36.06,0.00,0.00,0.00
6,A06,Background,36.06,0.00,0.00,0.00
6,A07,Background,36.06,0.00,0.00,0.00
6,A08,Background,36.06,0.00,0.00,0.00
6,A09,Background,36.06,0.00,0.00,0.00
6,A10,Background,36.06,0.00,0.00,0.00
6,A11,Background,36.06,0.00,0.00,0.00
6,A12,NOTHING,36.06,-1.56,-0.35,0.00
6,B01,NOTHING,36.06,1.89,-0.58,0.00
6,B02,FCCP,36.06,17.10,14.69,0.00
6,B03,FCCP,36.06,15.52,13.16,0.00
6,B04,FCCP,36.06,15.72,14.07,0.00
6,B05,FCCP,36.06,12.74,10.66,0.00
6,B06,FCCP,36.06,16.10,14.16,0.00
6,B07,FCCP,36.06,14.65,12.05,0.00
6,B08,FCCP,36.06,14.22,10.75,0.00
6,B09,FCCP,36.06,15.74,11.33,0.00
6,B10,FCCP,36.06,14.91,13.88,0.00
6,B11,FCCP,36.06,13.60,12.70,0.00
6,B12,NOTHING,36.06,-0.43,-0.49,0.00
6,C01,NOTHING,36.06,7.40,-0.35,0.00
6,C02,T1,36.06,16.54,14.53,0.00
6,C03,T1,36.06,15.75,15.16,0.00
6,C04,T1,36.06,17.81,15.49,0.00
6,C05,T1,36.06,17.94,16.81,0.00
6,C06,T1,36.06,19.23,17.00,0.00
6,C07,T2,36.06,18.40,18.19,0.00
6,C08,T2,36.06,18.46,14.54,0.00
6,C09,T2,36.06,19.39,17.18,0.00
6,C10,T2,36.06,16.35,14.84,0.00
6,C11,T2,36.06,12.46,11.92,0.00
6,C12,NOTHING,36.06,0.22,-0.49,0.00
6,D01,NOTHING,36.06,1.89,-0.40,0.00
6,D02,T3,36.06,14.62,13.11,0.00
6,D03,T3,36.06,16.33,15.90,0.00
6,D04,T3,36.06,23.50,22.83,0.00
6,D05,T3,36.06,22.26,26.08,0.00
6,D06,T3,36.06,19.91,19.24,0.00
6,D07,T4,36.06,17.79,15.52,0.00
6,D08,T4,36.06,22.51,19.92,0.00
6,D09,T4,36.06,22.36,19.05,0.00
6,D10,T4,36.06,16.71,16.60,0.00
6,D11,T4,36.06,12.83,12.24,0.00
6,D12,NOTHING,36.06,-0.61,-0.08,0.00
6,E01,NOTHING,36.06,1.66,-0.54,0.00
6,E02,T5,36.06,15.11,16.35,0.00
6,E03,T5,36.06,16.99,17.53,0.00
6,E04,T5,36.06,22.84,23.21,0.00
6,E05,T5,36.06,22.60,23.24,0.00
6,E06,T5,36.06,22.68,22.98,0.00
6,E07,T6,36.06,21.22,21.03,0.00
6,E08,T6,36.06,21.40,19.94,0.00
6,E09,T6,36.06,21.21,19.98,0.00
6,E10,T6,36.06,17.35,16.99,0.00
6,E11,T6,36.06,16.87,15.40,0.00
6,E12,NOTHING,36.06,-0.57,-0.57,0.00
6,F01,NOTHING,36.06,2.09,-0.53,0.00
6,F02,TIC,36.06,13.84,13.85,0.00
6,F03,TIC,36.06,15.83,15.24,0.00
6,F04,TIC,36.06,19.32,22.25,0.00
6,F05,TIC,36.06,19.85,18.18,0.00
6,F06,TIC,36.06,20.71,20.02,0.00
6,F07,NOTHING,36.06,18.49,16.21,0.00
6,F08,NOTHING,36.06,19.35,17.78,0.00
6,F09,NOTHING,36.06,21.71,18.68,0.00
6,F10,NOTHING,36.06,18.43,16.95,0.00
6,F11,NOTHING,36.06,12.92,12.45,0.00
6,F12,NOTHING,36.06,-0.46,-0.89,0.00
6,G01,NOTHING,36.06,2.13,0.24,0.00
6,G02,GC,36.06,13.07,18.01,0.00
6,G03,GC,36.06,16.00,20.70,0.00
6,G04,GC,36.06,17.69,23.26,0.00
6,G05,GC,36.06,15.36,21.12,0.00
6,G06,GC,36.06,16.21,20.07,0.00
6,G07,GC,36.06,17.87,22.97,0.00
6,G08,GC,36.06,19.22,21.37,0.00
6,G09,GC,36.06,18.03,21.80,0.00
6,G10,GC,36.06,17.41,19.58,0.00
6,G11,GC,36.06,13.17,18.25,0.00
6,G12,NOTHING,36.06,-1.00,0.30,0.00
6,H01,NOTHING,36.06,0.63,0.36,0.00
6,H02,Background,36.06,0.00,0.00,0.00
6,H03,Background,36.06,0.00,0.00,0.00
6,H04,Background,36.06,0.00,0.00,0.00
6,H05,Background,36.06,0.00,0.00,0.00
6,H06,Background,36.06,0.00,0.00,0.00
6,H07,Background,36.06,0.00,0.00,0.00
6,H08,Background,36.06,0.00,0.00,0.00
6,H09,Background,36.06,0.00,0.00,0.00
6,H10,Background,36.06,0.00,0.00,0.00
6,H11,Background,36.06,0.00,0.00,0.00
6,H12,NOTHING,36.06,-1.30,0.10,0.00
7,A01,NOTHING,43.03,1.16,-0.48,0.00
7,A02,Background,43.03,0.00,0.00,0.00
7,A03,Background,43.03,0.00,0.00,0.00
7,A04,Background,43.03,0.00,0.00,0.00
7,A05,Background,43.03,0.00,0.00,0.00
7,A06,Background,43.03,0.00,0.00,0.00
7,A07,Background,43.03,0.00,0.00,0.00
7,A08,Background,43.03,0.00,0.00,0.00
7,A09,Background,43.03,0.00,0.00,0.00
7,A10,Background,43.03,0.00,0.00,0.00
7,A11,Background,43.03,0.00,0.00,0.00
7,A12,NOTHING,43.03,-1.68,-0.52,0.00
7,B01,NOTHING,43.03,1.21,-0.50,0.00
7,B02,FCCP,43.03,25.83,13.03,0.00
7,B03,FCCP,43.03,22.52,12.10,0.00
7,B04,FCCP,43.03,23.11,13.57,0.00
7,B05,FCCP,43.03,19.69,10.55,0.00
7,B06,FCCP,43.03,23.92,13.30,0.00
7,B07,FCCP,43.03,22.21,11.49,0.00
7,B08,FCCP,43.03,22.77,11.36,0.00
7,B09,FCCP,43.03,25.30,14.24,0.00
7,B10,FCCP,43.03,21.87,12.48,0.00
7,B11,FCCP,43.03,19.11,11.61,0.00
7,B12,NOTHING,43.03,-0.18,-0.53,0.00
7,C01,NOTHING,43.03,6.93,-0.44,0.00
7,C02,T1,43.03,26.76,12.92,0.00
7,C03,T1,43.03,25.66,13.06,0.00
7,C04,T1,43.03,28.09,13.22,0.00
7,C05,T1,43.03,29.65,13.96,0.00
7,C06,T1,43.03,31.64,15.32,0.00
7,C07,T2,43.03,31.74,18.30,0.00
7,C08,T2,43.03,27.47,15.82,0.00
7,C09,T2,43.03,32.02,17.07,0.00
7,C10,T2,43.03,25.39,14.53,0.00
7,C11,T2,43.03,19.77,12.24,0.00
7,C12,NOTHING,43.03,0.03,-0.32,0.00
7,D01,NOTHING,43.03,1.86,-0.31,0.00
7,D02,T3,43.03,16.79,13.64,0.00
7,D03,T3,43.03,17.96,16.22,0.00
7,D04,T3,43.03,24.37,23.28,0.00
7,D05,T3,43.03,23.67,25.40,0.00
7,D06,T3,43.03,21.68,19.99,0.00
7,D07,T4,43.03,19.13,15.95,0.00
7,D08,T4,43.03,24.22,20.50,0.00
7,D09,T4,43.03,23.49,19.30,0.00
7,D10,T4,43.03,17.52,15.70,0.00
7,D11,T4,43.03,13.36,12.96,0.00
7,D12,NOTHING,43.03,-0.14,-0.11,0.00
7,E01,NOTHING,43.03,1.72,-0.53,0.00
7,E02,T5,43.03,26.58,15.65,0.00
7,E03,T5,43.03,29.61,16.54,0.00
7,E04,T5,43.03,39.79,23.13,0.00
7,E05,T5,43.03,40.47,23.29,0.00
7,E06,T5,43.03,35.18,23.27,0.00
7,E07,T6,43.03,27.57,25.68,0.00
7,E08,T6,43.03,26.22,24.52,0.00
7,E09,T6,43.03,23.88,24.32,0.00
7,E10,T6,43.03,20.51,22.73,0.00
7,E11,T6,43.03,18.26,23.11,0.00
7,E12,NOTHING,43.03,-0.37,-0.74,0.00
7,F01,NOTHING,43.03,1.16,-0.46,0.00
7,F02,TIC,43.03,13.22,12.69,0.00
7,F03,TIC,43.03,19.39,17.21,0.00
7,F04,TIC,43.03,20.62,19.75,0.00
7,F05,TIC,43.03,20.87,18.41,0.00
7,F06,TIC,43.03,21.48,20.51,0.00
7,F07,NOTHING,43.03,17.63,16.35,0.00
7,F08,NOTHING,43.03,18.34,17.87,0.00
7,F09,NOTHING,43.03,19.48,18.60,0.00
7,F10,NOTHING,43.03,17.66,16.89,0.00
7,F11,NOTHING,43.03,12.43,12.51,0.00
7,F12,NOTHING,43.03,-1.03,-1.03,0.00
7,G01,NOTHING,43.03,1.11,-0.31,0.00
7,G02,GC,43.03,21.56,13.94,0.00
7,G03,GC,43.03,26.42,17.48,0.00
7,G04,GC,43.03,27.51,19.97,0.00
7,G05,GC,43.03,25.35,17.97,0.00
7,G06,GC,43.03,26.26,16.55,0.00
7,G07,GC,43.03,28.96,18.09,0.00
7,G08,GC,43.03,30.84,16.64,0.00
7,G09,GC,43.03,27.76,17.09,0.00
7,G10,GC,43.03,27.29,14.84,0.00
7,G11,GC,43.03,20.30,13.80,0.00
7,G12,NOTHING,43.03,-1.47,0.02,0.00
7,H01,NOTHING,43.03,0.22,0.43,0.00
7,H02,Background,43.03,0.00,0.00,0.00
7,H03,Background,43.03,0.00,0.00,0.00
7,H04,Background,43.03,0.00,0.00,0.00
7,H05,Background,43.03,0.00,0.00,0.00
7,H06,Background,43.03,0.00,0.00,0.00
7,H07,Background,43.03,0.00,0.00,0.00
7,H08,Background,43.03,0.00,0.00,0.00
7,H09,Background,43.03,0.00,0.00,0.00
7,H10,Background,43.03,0.00,0.00,0.00
7,H11,Background,43.03,0.00,0.00,0.00
7,H12,NOTHING,43.03,-1.84,-0.12,0.00
8,A01,NOTHING,49.90,1.43,-0.26,0.00
8,A02,Background,49.90,0.00,0.00,0.00
8,A03,Background,49.90,0.00,0.00,0.00
8,A04,Background,49.90,0.00,0.00,0.00
8,A05,Background,49.90,0.00,0.00,0.00
8,A06,Background,49.90,0.00,0.00,0.00
8,A07,Background,49.90,0.00,0.00,0.00
8,A08,Background,49.90,0.00,0.00,0.00
8,A09,Background,49.90,0.00,0.00,0.00
8,A10,Background,49.90,0.00,0.00,0.00
8,A11,Background,49.90,0.00,0.00,0.00
8,A12,NOTHING,49.90,-1.16,-0.46,0.00
8,B01,NOTHING,49.90,1.62,-0.39,0.00
8,B02,FCCP,49.90,22.66,13.99,0.00
8,B03,FCCP,49.90,20.44,13.44,0.00
8,B04,FCCP,49.90,21.20,14.45,0.00
8,B05,FCCP,49.90,16.84,10.90,0.00
8,B06,FCCP,49.90,21.87,14.00,0.00
8,B07,FCCP,49.90,19.95,12.14,0.00
8,B08,FCCP,49.90,18.10,10.72,0.00
8,B09,FCCP,49.90,19.53,11.64,0.00
8,B10,FCCP,49.90,21.09,13.47,0.00
8,B11,FCCP,49.90,19.04,14.02,0.00
8,B12,NOTHING,49.90,-0.23,-0.27,0.00
8,C01,NOTHING,49.90,7.17,-0.26,0.00
8,C02,T1,49.90,24.26,13.50,0.00
8,C03,T1,49.90,23.79,14.09,0.00
8,C04,T1,49.90,24.91,13.86,0.00
8,C05,T1,49.90,26.55,15.13,0.00
8,C06,T1,49.90,28.92,15.19,0.00
8,C07,T2,49.90,28.69,19.47,0.00
8,C08,T2,49.90,24.34,16.03,0.00
8,C09,T2,49.90,28.20,17.98,0.00
8,C10,T2,49.90,23.40,14.88,0.00
8,C11,T2,49.90,17.24,12.65,0.00
8,C12,NOTHING,49.90,-0.12,-0.41,0.00
8,D01,NOTHING,49.90,1.35,-0.05,0.00
8,D02,T3,49.90,14.68,13.43,0.00
8,D03,T3,49.90,16.83,16.31,0.00
8,D04,T3,49.90,23.11,23.12,0.00
8,D05,T3,49.90,22.03,25.35,0.00
8,D06,T3,49.90,18.64,19.42,0.00
8,D07,T4,49.90,17.77,16.14,0.00
8,D08,T4,49.90,21.31,20.51,0.00
8,D09,T4,49.90,21.46,19.41,0.00
8,D10,T4,49.90,16.23,15.59,0.00
8,D11,T4,49.90,12.01,12.52,0.00
8,D12,NOTHING,49.90,0.09,-0.01,0.00
8,E01,NOTHING,49.90,1.81,-0.27,0.00
8,E02,T5,49.90,24.00,16.60,0.00
8,E03,T5,49.90,27.47,17.66,0.00
8,E04,T5,49.90,37.48,23.67,0.00
8,E05,T5,49.90,37.59,23.38,0.00
8,E06,T5,49.90,34.66,23.93,0.00
8,E07,T6,49.90,24.84,25.22,0.00
8,E08,T6,49.90,22.77,24.32,0.00
8,E09,T6,49.90,22.31,22.76,0.00
8,E10,T6,49.90,18.75,22.08,0.00
8,E11,T6,49.90,17.92,21.56,0.00
8,E12,NOTHING,49.90,-0.15,-0.52,0.00
8,F01,NOTHING,49.90,0.95,-0.11,0.00
8,F02,TIC,49.90,16.07,14.06,0.00
8,F03,TIC,49.90,17.58,20.13,0.00
8,F04,TIC,49.90,19.12,19.95,0.00
8,F05,TIC,49.90,18.84,18.41,0.00
8,F06,TIC,49.90,19.62,19.99,0.00
8,F07,NOTHING,49.90,17.70,16.75,0.00
8,F08,NOTHING,49.90,18.18,17.95,0.00
8,F09,NOTHING,49.90,20.13,18.82,0.00
8,F10,NOTHING,49.90,18.30,17.34,0.00
8,F11,NOTHING,49.90,12.18,12.49,0.00
8,F12,NOTHING,49.90,-0.58,-0.74,0.00
8,G01,NOTHING,49.90,1.36,0.07,0.00
8,G02,GC,49.90,18.55,15.18,0.00
8,G03,GC,49.90,23.39,18.36,0.00
8,G04,GC,49.90,25.37,20.74,0.00
8,G05,GC,49.90,22.03,18.44,0.00
8,G06,GC,49.90,23.09,17.64,0.00
8,G07,GC,49.90,25.99,19.57,0.00
8,G08,GC,49.90,27.52,18.43,0.00
8,G09,GC,49.90,25.45,18.47,0.00
8,G10,GC,49.90,25.38,17.13,0.00
8,G11,GC,49.90,17.27,15.12,0.00
8,G12,NOTHING,49.90,-0.48,0.49,0.00
8,H01,NOTHING,49.90,0.14,0.22,0.00
8,H02,Background,49.90,0.00,0.00,0.00
8,H03,Background,49.90,0.00,0.00,0.00
8,H04,Background,49.90,0.00,0.00,0.00
8,H05,Background,49.90,0.00,0.00,0.00
8,H06,Background,49.90,0.00,0.00,0.00
8,H07,Background,49.90,0.00,0.00,0.00
8,H08,Background,49.90,0.00,0.00,0.00
8,H09,Background,49.90,0.00,0.00,0.00
8,H10,Background,49.90,0.00,0.00,0.00
8,H11,Background,49.90,0.00,0.00,0.00
8,H12,NOTHING,49.90,-1.17,0.05,0.00
9,A01,NOTHING,56.79,1.23,-0.56,0.00
9,A02,Background,56.79,0.00,0.00,0.00
9,A03,Background,56.79,0.00,0.00,0.00
9,A04,Background,56.79,0.00,0.00,0.00
9,A05,Background,56.79,0.00,0.00,0.00
9,A06,Background,56.79,0.00,0.00,0.00
9,A07,Background,56.79,0.00,0.00,0.00
9,A08,Background,56.79,0.00,0.00,0.00
9,A09,Background,56.79,0.00,0.00,0.00
9,A10,Background,56.79,0.00,0.00,0.00
9,A11,Background,56.79,0.00,0.00,0.00
9,A12,NOTHING,56.79,-0.37,-0.69,0.00
9,B01,NOTHING,56.79,1.87,-0.51,0.00
9,B02,FCCP,56.79,22.58,14.63,0.00
9,B03,FCCP,56.79,20.48,13.88,0.00
9,B04,FCCP,56.79,20.73,14.98,0.00
9,B05,FCCP,56.79,15.89,11.20,0.00
9,B06,FCCP,56.79,20.91,14.14,0.00
9,B07,FCCP,56.79,20.50,12.50,0.00
9,B08,FCCP,56.79,18.23,10.98,0.00
9,B09,FCCP,56.79,18.83,11.59,0.00
9,B10,FCCP,56.79,21.11,13.81,0.00
9,B11,FCCP,56.79,18.94,13.60,0.00
9,B12,NOTHING,56.79,-0.56,-0.42,0.00
9,C01,NOTHING,56.79,6.64,-0.46,0.00
9,C02,T1,56.79,23.51,14.02,0.00
9,C03,T1,56.79,22.04,14.40,0.00
9,C04,T1,56.79,24.51,14.34,0.00
9,C05,T1,56.79,25.68,15.83,0.00
9,C06,T1,56.79,27.12,15.63,0.00
9,C07,T2,56.79,28.67,19.55,0.00
9,C08,T2,56.79,24.54,16.13,0.00
9,C09,T2,56.79,39.62,31.82,0.00
9,C10,T2,56.79,22.95,15.87,0.00
9,C11,T2,56.79,17.76,12.79,0.00
9,C12,NOTHING,56.79,0.20,-0.29,0.00
9,D01,NOTHING,56.79,0.99,-0.03,0.00
9,D02,T3,56.79,14.28,13.53,0.00
9,D03,T3,56.79,15.40,16.04,0.00
9,D04,T3,56.79,22.02,22.71,0.00
9,D05,T3,56.79,24.04,31.13,0.00
9,D06,T3,56.79,18.81,19.52,0.00
9,D07,T4,56.79,16.92,15.73,0.00
9,D08,T4,56.79,21.87,20.21,0.00
9,D09,T4,56.79,20.58,19.94,0.00
9,D10,T4,56.79,15.44,15.56,0.00
9,D11,T4,56.79,12.37,12.63,0.00
9,D12,NOTHING,56.79,-0.48,-0.30,0.00
9,E01,NOTHING,56.79,1.11,-0.35,0.00
9,E02,T5,56.79,23.28,16.96,0.00
9,E03,T5,56.79,26.10,17.95,0.00
9,E04,T5,56.79,36.27,23.90,0.00
9,E05,T5,56.79,37.22,23.75,0.00
9,E06,T5,56.79,33.88,24.22,0.00
9,E07,T6,56.79,24.48,23.76,0.00
9,E08,T6,56.79,23.31,22.72,0.00
9,E09,T6,56.79,23.11,20.34,0.00
9,E10,T6,56.79,19.49,20.57,0.00
9,E11,T6,56.79,18.87,18.95,0.00
9,E12,NOTHING,56.79,-0.87,-0.70,0.00
9,F01,NOTHING,56.79,1.97,-0.53,0.00
9,F02,TIC,56.79,14.64,15.71,0.00
9,F03,TIC,56.79,15.78,17.12,0.00
9,F04,TIC,56.79,18.53,20.06,0.00
9,F05,TIC,56.79,18.48,18.58,0.00
9,F06,TIC,56.79,20.01,20.20,0.00
9,F07,NOTHING,56.79,17.77,16.45,0.00
9,F08,NOTHING,56.79,18.81,18.11,0.00
9,F09,NOTHING,56.79,19.87,18.91,0.00
9,F10,NOTHING,56.79,18.19,17.59,0.00
9,F11,NOTHING,56.79,12.94,12.83,0.00
9,F12,NOTHING,56.79,-0.80,-0.68,0.00
9,G01,NOTHING,56.79,1.83,-0.11,0.00
9,G02,GC,56.79,18.56,15.78,0.00
9,G03,GC,56.79,22.79,18.85,0.00
9,G04,GC,56.79,25.15,21.05,0.00
9,G05,GC,56.79,22.55,18.86,0.00
9,G06,GC,56.79,22.83,17.96,0.00
9,G07,GC,56.79,26.42,19.95,0.00
9,G08,GC,56.79,27.35,18.52,0.00
9,G09,GC,56.79,25.40,18.91,0.00
9,G10,GC,56.79,25.71,18.04,0.00
9,G11,GC,56.79,17.34,15.50,0.00
9,G12,NOTHING,56.79,-1.27,0.17,0.00
9,H01,NOTHING,56.79,0.46,0.17,0.00
9,H02,Background,56.79,0.00,0.00,0.00
9,H03,Background,56.79,0.00,0.00,0.00
9,H04,Background,56.79,0.00,0.00,0.00
9,H05,Background,56.79,0.00,0.00,0.00
9,H06,Background,56.79,0.00,0.00,0.00
9,H07,Background,56.79,0.00,0.00,0.00
9,H08,Background,56.79,0.00,0.00,0.00
9,H09,Background,56.79,0.00,0.00,0.00
9,H10,Background,56.79,0.00,0.00,0.00
9,H11,Background,56.79,0.00,0.00,0.00
9,H12,NOTHING,56.79,-1.25,0.21,0.00
10,A01,NOTHING,63.76,1.00,-0.44,0.00
10,A02,Background,63.76,0.00,0.00,0.00
10,A03,Background,63.76,0.00,0.00,0.00
10,A04,Background,63.76,0.00,0.00,0.00
10,A05,Background,63.76,0.00,0.00,0.00
10,A06,Background,63.76,0.00,0.00,0.00
10,A07,Background,63.76,0.00,0.00,0.00
10,A08,Background,63.76,0.00,0.00,0.00
10,A09,Background,63.76,0.00,0.00,0.00
10,A10,Background,63.76,0.00,0.00,0.00
10,A11,Background,63.76,0.00,0.00,0.00
10,A12,NOTHING,63.76,-1.63,-0.48,0.00
10,B01,NOTHING,63.76,2.05,-0.58,0.00
10,B02,FCCP,63.76,14.01,13.87,0.00
10,B03,FCCP,63.76,12.95,15.00,0.00
10,B04,FCCP,63.76,12.92,14.03,0.00
10,B05,FCCP,63.76,10.73,10.78,0.00
10,B06,FCCP,63.76,12.77,13.42,0.00
10,B07,FCCP,63.76,11.38,11.93,0.00
10,B08,FCCP,63.76,17.67,25.34,0.00
10,B09,FCCP,63.76,12.17,11.34,0.00
10,B10,FCCP,63.76,11.73,12.56,0.00
10,B11,FCCP,63.76,11.48,13.07,0.00
10,B12,NOTHING,63.76,-0.69,-0.58,0.00
10,C01,NOTHING,63.76,6.70,-0.60,0.00
10,C02,T1,63.76,13.00,13.61,0.00
10,C03,T1,63.76,11.69,14.22,0.00
10,C04,T1,63.76,13.56,14.00,0.00
10,C05,T1,63.76,14.25,15.61,0.00
10,C06,T1,63.76,14.90,15.12,0.00
10,C07,T2,63.76,15.12,18.17,0.00
10,C08,T2,63.76,14.23,14.87,0.00
10,C09,T2,63.76,17.66,20.25,0.00
10,C10,T2,63.76,13.47,13.91,0.00
10,C11,T2,63.76,9.89,11.77,0.00
10,C12,NOTHING,63.76,-0.45,-0.22,0.00
10,D01,NOTHING,63.76,1.12,-0.15,0.00
10,D02,T3,63.76,13.34,13.35,0.00
10,D03,T3,63.76,15.16,16.09,0.00
10,D04,T3,63.76,20.47,23.07,0.00
10,D05,T3,63.76,18.45,20.95,0.00
10,D06,T3,63.76,17.30,19.22,0.00
10,D07,T4,63.76,15.84,15.39,0.00
10,D08,T4,63.76,19.93,19.50,0.00
10,D09,T4,63.76,20.76,20.13,0.00
10,D10,T4,63.76,14.83,15.06,0.00
10,D11,T4,63.76,11.24,11.76,0.00
10,D12,NOTHING,63.76,-0.32,-0.22,0.00
10,E01,NOTHING,63.76,1.82,-0.44,0.00
10,E02,T5,63.76,12.62,17.03,0.00
10,E03,T5,63.76,15.47,17.04,0.00
10,E04,T5,63.76,18.37,22.64,0.00
10,E05,T5,63.76,19.38,22.80,0.00
10,E06,T5,63.76,21.20,23.43,0.00
10,E07,T6,63.76,16.58,21.82,0.00
10,E08,T6,63.76,15.70,20.54,0.00
10,E09,T6,63.76,15.07,17.89,0.00
10,E10,T6,63.76,12.09,18.26,0.00
10,E11,T6,63.76,13.19,15.69,0.00
10,E12,NOTHING,63.76,-0.78,-0.35,0.00
10,F01,NOTHING,63.76,0.77,-0.29,0.00
10,F02,TIC,63.76,14.65,13.44,0.00
10,F03,TIC,63.76,16.76,20.17,0.00
10,F04,TIC,63.76,16.56,21.49,0.00
10,F05,TIC,63.76,17.75,17.45,0.00
10,F06,TIC,63.76,20.11,23.92,0.00
10,F07,NOTHING,63.76,16.14,15.65,0.00
10,F08,NOTHING,63.76,16.52,17.40,0.00
10,F09,NOTHING,63.76,18.58,18.07,0.00
10,F10,NOTHING,63.76,16.89,16.61,0.00
10,F11,NOTHING,63.76,11.66,12.58,0.00
10,F12,NOTHING,63.76,-0.68,-0.56,0.00
10,G01,NOTHING,63.76,1.80,-0.22,0.00
10,G02,GC,63.76,9.75,15.98,0.00
10,G03,GC,63.76,13.04,18.93,0.00
10,G04,GC,63.76,12.66,20.37,0.00
10,G05,GC,63.76,11.56,19.01,0.00
10,G06,GC,63.76,11.36,17.37,0.00
10,G07,GC,63.76,14.30,19.95,0.00
10,G08,GC,63.76,13.97,18.46,0.00
10,G09,GC,63.76,13.68,18.38,0.00
10,G10,GC,63.76,13.22,17.91,0.00
10,G11,GC,63.76,9.72,14.69,0.00
10,G12,NOTHING,63.76,-1.64,0.21,0.00
10,H01,NOTHING,63.76,-0.09,0.35,0.00
10,H02,Background,63.76,0.00,0.00,0.00
10,H03,Background,63.76,0.00,0.00,0.00
10,H04,Background,63.76,0.00,0.00,0.00
10,H05,Background,63.76,0.00,0.00,0.00
10,H06,Background,63.76,0.00,0.00,0.00
10,H07,Background,63.76,0.00,0.00,0.00
10,H08,Background,63.76,0.00,0.00,0.00
10,H09,Background,63.76,0.00,0.00,0.00
10,H10,Background,63.76,0.00,0.00,0.00
10,H11,Background,63.76,0.00,0.00,0.00
10,H12,NOTHING,63.76,-1.78,0.47,0.00
11,A01,NOTHING,70.65,1.22,-0.54,0.00
11,A02,Background,70.65,0.00,0.00,0.00
11,A03,Background,70.65,0.00,0.00,0.00
11,A04,Background,70.65,0.00,0.00,0.00
11,A05,Background,70.65,0.00,0.00,0.00
11,A06,Background,70.65,0.00,0.00,0.00
11,A07,Background,70.65,0.00,0.00,0.00
11,A08,Background,70.65,0.00,0.00,0.00
11,A09,Background,70.65,0.00,0.00,0.00
11,A10,Background,70.65,0.00,0.00,0.00
11,A11,Background,70.65,0.00,0.00,0.00
11,A12,NOTHING,70.65,-0.35,-0.26,0.00
11,B01,NOTHING,70.65,1.62,-0.53,0.00
11,B02,FCCP,70.65,11.65,14.26,0.00
11,B03,FCCP,70.65,10.32,12.79,0.00
11,B04,FCCP,70.65,11.59,14.27,0.00
11,B05,FCCP,70.65,9.78,10.77,0.00
11,B06,FCCP,70.65,12.31,13.64,0.00
11,B07,FCCP,70.65,11.54,11.86,0.00
11,B08,FCCP,70.65,10.34,13.28,0.00
11,B09,FCCP,70.65,11.01,11.24,0.00
11,B10,FCCP,70.65,10.89,13.10,0.00
11,B11,FCCP,70.65,10.92,13.42,0.00
11,B12,NOTHING,70.65,-0.37,-0.28,0.00
11,C01,NOTHING,70.65,6.86,-0.69,0.00
11,C02,T1,70.65,11.42,13.58,0.00
11,C03,T1,70.65,11.39,14.04,0.00
11,C04,T1,70.65,12.19,14.92,0.00
11,C05,T1,70.65,13.39,15.77,0.00
11,C06,T1,70.65,13.92,15.12,0.00
11,C07,T2,70.65,13.69,18.40,0.00
11,C08,T2,70.65,12.70,14.96,0.00
11,C09,T2,70.65,15.77,20.53,0.00
11,C10,T2,70.65,12.17,15.30,0.00
11,C11,T2,70.65,9.73,12.21,0.00
11,C12,NOTHING,70.65,-0.32,-0.32,0.00
11,D01,NOTHING,70.65,1.28,-0.14,0.00
11,D02,T3,70.65,11.24,13.17,0.00
11,D03,T3,70.65,12.64,15.77,0.00
11,D04,T3,70.65,18.41,22.34,0.00
11,D05,T3,70.65,16.87,20.25,0.00
11,D06,T3,70.65,16.37,19.22,0.00
11,D07,T4,70.65,14.06,15.49,0.00
11,D08,T4,70.65,17.64,19.18,0.00
11,D09,T4,70.65,18.85,20.19,0.00
11,D10,T4,70.65,13.47,15.46,0.00
11,D11,T4,70.65,10.24,12.06,0.00
11,D12,NOTHING,70.65,0.31,-0.13,0.00
11,E01,NOTHING,70.65,1.42,-0.50,0.00
11,E02,T5,70.65,11.44,17.16,0.00
11,E03,T5,70.65,13.35,16.91,0.00
11,E04,T5,70.65,18.24,24.27,0.00
11,E05,T5,70.65,17.47,22.49,0.00
11,E06,T5,70.65,18.06,22.90,0.00
11,E07,T6,70.65,15.40,21.15,0.00
11,E08,T6,70.65,14.67,19.52,0.00
11,E09,T6,70.65,15.14,16.53,0.00
11,E10,T6,70.65,12.16,17.24,0.00
11,E11,T6,70.65,12.06,14.68,0.00
11,E12,NOTHING,70.65,-0.85,-0.63,0.00
11,F01,NOTHING,70.65,1.17,-0.49,0.00
11,F02,TIC,70.65,13.08,14.81,0.00
11,F03,TIC,70.65,13.34,16.91,0.00
11,F04,TIC,70.65,16.30,21.51,0.00
11,F05,TIC,70.65,16.32,18.04,0.00
11,F06,TIC,70.65,19.44,24.11,0.00
11,F07,NOTHING,70.65,15.35,16.43,0.00
11,F08,NOTHING,70.65,15.64,17.71,0.00
11,F09,NOTHING,70.65,16.80,18.06,0.00
11,F10,NOTHING,70.65,14.55,16.58,0.00
11,F11,NOTHING,70.65,10.48,12.66,0.00
11,F12,NOTHING,70.65,-0.43,-0.62,0.00
11,G01,NOTHING,70.65,1.86,0.02,0.00
11,G02,GC,70.65,8.62,16.16,0.00
11,G03,GC,70.65,11.33,19.23,0.00
11,G04,GC,70.65,11.55,21.93,0.00
11,G05,GC,70.65,11.65,19.08,0.00
11,G06,GC,70.65,10.37,17.55,0.00
11,G07,GC,70.65,12.52,20.32,0.00
11,G08,GC,70.65,13.04,18.34,0.00
11,G09,GC,70.65,11.97,18.59,0.00
11,G10,GC,70.65,12.17,18.51,0.00
11,G11,GC,70.65,8.72,14.92,0.00
11,G12,NOTHING,70.65,-1.17,0.09,0.00
11,H01,NOTHING,70.65,0.68,0.26,0.00
11,H02,Background,70.65,0.00,0.00,0.00
11,H03,Background,70.65,0.00,0.00,0.00
11,H04,Background,70.65,0.00,0.00,0.00
11,H05,Background,70.65,0.00,0.00,0.00
11,H06,Background,70.65,0.00,0.00,0.00
11,H07,Background,70.65,0.00,0.00,0.00
11,H08,Background,70.65,0.00,0.00,0.00
11,H09,Background,70.65,0.00,0.00,0.00
11,H10,Background,70.65,0.00,0.00,0.00
11,H11,Background,70.65,0.00,0.00,0.00
11,H12,NOTHING,70.65,-1.20,0.01,0.00
12,A01,NOTHING,77.53,1.33,-0.03,0.00
12,A02,Background,77.53,0.00,0.00,0.00
12,A03,Background,77.53,0.00,0.00,0.00
12,A04,Background,77.53,0.00,0.00,0.00
12,A05,Background,77.53,0.00,0.00,0.00
12,A06,Background,77.53,0.00,0.00,0.00
12,A07,Background,77.53,0.00,0.00,0.00
12,A08,Background,77.53,0.00,0.00,0.00
12,A09,Background,77.53,0.00,0.00,0.00
12,A10,Background,77.53,0.00,0.00,0.00
12,A11,Background,77.53,0.00,0.00,0.00
12,A12,NOTHING,77.53,-0.49,-0.54,0.00
12,B01,NOTHING,77.53,2.18,-0.44,0.00
12,B02,FCCP,77.53,12.34,14.11,0.00
12,B03,FCCP,77.53,10.20,13.45,0.00
12,B04,FCCP,77.53,10.96,13.98,0.00
12,B05,FCCP,77.53,9.14,10.61,0.00
12,B06,FCCP,77.53,11.22,13.85,0.00
12,B07,FCCP,77.53,10.37,11.83,0.00
12,B08,FCCP,77.53,9.39,11.88,0.00
12,B09,FCCP,77.53,10.24,11.34,0.00
12,B10,FCCP,77.53,9.55,13.52,0.00
12,B11,FCCP,77.53,10.79,13.40,0.00
12,B12,NOTHING,77.53,-0.10,-0.43,0.00
12,C01,NOTHING,77.53,7.12,-0.36,0.00
12,C02,T1,77.53,11.61,13.60,0.00
12,C03,T1,77.53,10.92,14.36,0.00
12,C04,T1,77.53,13.65,16.18,0.00
12,C05,T1,77.53,12.90,16.06,0.00
12,C06,T1,77.53,13.10,15.12,0.00
12,C07,T2,77.53,13.01,18.01,0.00
12,C08,T2,77.53,12.77,15.09,0.00
12,C09,T2,77.53,15.88,20.46,0.00
12,C10,T2,77.53,11.93,15.53,0.00
12,C11,T2,77.53,9.79,12.23,0.00
12,C12,NOTHING,77.53,-0.14,-0.15,0.00
12,D01,NOTHING,77.53,0.91,-0.15,0.00
12,D02,T3,77.53,11.38,13.04,0.00
12,D03,T3,77.53,12.61,15.47,0.00
12,D04,T3,77.53,17.86,22.16,0.00
12,D05,T3,77.53,16.68,20.35,0.00
12,D06,T3,77.53,15.18,18.82,0.00
12,D07,T4,77.53,13.90,15.44,0.00
12,D08,T4,77.53,17.76,19.27,0.00
12,D09,T4,77.53,18.32,20.28,0.00
12,D10,T4,77.53,12.69,15.54,0.00
12,D11,T4,77.53,9.47,11.99,0.00
12,D12,NOTHING,77.53,-0.06,-0.04,0.00
12,E01,NOTHING,77.53,2.09,-0.14,0.00
12,E02,T5,77.53,11.33,16.68,0.00
12,E03,T5,77.53,12.73,16.87,0.00
12,E04,T5,77.53,18.39,26.68,0.00
12,E05,T5,77.53,17.17,22.63,0.00
12,E06,T5,77.53,17.00,22.68,0.00
12,E07,T6,77.53,14.69,20.24,0.00
12,E08,T6,77.53,15.05,18.48,0.00
12,E09,T6,77.53,15.56,17.91,0.00
12,E10,T6,77.53,12.49,16.71,0.00
12,E11,T6,77.53,12.64,13.74,0.00
12,E12,NOTHING,77.53,-0.25,-0.50,0.00
12,F01,NOTHING,77.53,1.76,-0.31,0.00
12,F02,TIC,77.53,12.77,14.73,0.00
12,F03,TIC,77.53,12.56,18.80,0.00
12,F04,TIC,77.53,15.54,21.57,0.00
12,F05,TIC,77.53,15.84,18.03,0.00
12,F06,TIC,77.53,17.72,23.47,0.00
12,F07,NOTHING,77.53,14.18,16.23,0.00
12,F08,NOTHING,77.53,15.41,17.66,0.00
12,F09,NOTHING,77.53,15.94,17.94,0.00
12,F10,NOTHING,77.53,14.91,16.66,0.00
12,F11,NOTHING,77.53,10.47,12.41,0.00
12,F12,NOTHING,77.53,-0.45,-0.39,0.00
12,G01,NOTHING,77.53,1.82,0.07,0.00
12,G02,GC,77.53,9.01,15.81,0.00
12,G03,GC,77.53,10.52,19.08,0.00
12,G04,GC,77.53,12.58,21.97,0.00
12,G05,GC,77.53,10.87,19.14,0.00
12,G06,GC,77.53,10.89,17.65,0.00
12,G07,GC,77.53,12.17,20.06,0.00
12,G08,GC,77.53,11.93,18.30,0.00
12,G09,GC,77.53,11.81,18.71,0.00
12,G10,GC,77.53,11.90,18.97,0.00
12,G11,GC,77.53,8.63,15.03,0.00
12,G12,NOTHING,77.53,-1.30,0.30,0.00
12,H01,NOTHING,77.53,1.48,0.07,0.00
12,H02,Background,77.53,0.00,0.00,0.00
12,H03,Background,77.53,0.00,0.00,0.00
12,H04,Background,77.53,0.00,0.00,0.00
12,H05,Background,77.53,0.00,0.00,0.00
12,H06,Background,77.53,0.00,0.00,0.00
12,H07,Background,77.53,0.00,0.00,0.00
12,H08,Background,77.53,0.00,0.00,0.00
12,H09,Background,77.53,0.00,0.00,0.00
12,H10,Background,77.53,0.00,0.00,0.00
12,H11,Background,77.53,0.00,0.00,0.00
12,H12,NOTHING,77.53,-1.49,0.16,0.00
