,Plate,Well,mahalanobis_from_neg,tags,Concentration,BATCH_ID,CPD_ID,Target,Nuclei_Number_Living,Cell_Neurites_LengthPerNuclei_MAP2,mahalanobis_from_pos,Cell_Texture_SNCA_AngularSecondMoment_045,Cell_Texture_SNCA_AngularSecondMoment_000,Cell_Correlation_MAP2_SNCA,Cell_Correlation_TH_SNCA,Cell_Correlation_VanSteelselsMeanX_TH_SNCA,Cell_Correlation_VanSteelselsMeanY_TH_SNCA,Cell_Correlation_VanSteelselsSigmaX_TH_SNCA,Cell_Correlation_VanSteelselsSigmaY_TH_SNCA,Cell_Intensity_MeanIntensity_MAP2,Cell_Intensity_MeanIntensity_SNCA,Cell_Intensity_MeanIntensity_TH,Cell_Intensity_SumIntensityPerNuclei_SNCA,Cell_MAP2_SNCA_Intensity_MeanIntensity_SNCA,Cell_Neurites_BranchingPointsPerNuclei_MAP2,Cell_Neurites_BranchingPointsPerNuclei_TH,Cell_Neurites_LengthPerNuclei_TH,Cell_SurfacePerNuclei_MAP2,Cell_SurfacePerNuclei_MAP2_SNCA,Cell_SurfacePerNuclei_SNCA,Cell_SurfacePerNuclei_TH,Cell_SurfacePerNuclei_TH_SNCA,Cell_Surface_RatioSurface_TH_SNCA,Cell_TH_SNCA_Intensity_MeanIntensity_SNCA,Cell_TH_SNCA_Intensity_MeanIntensity_TH,Cell_TH_SNCA_Intensity_SumIntensityPerNuclei_SNCA,Cytoplasm_Intensity_MeanIntensity_SNCA,Cytoplasm_MAP2_SNCA_Intensity_MeanIntensity_SNCA,Cytoplasm_SurfacePerNuclei_SNCA,Cytoplasm_SurfacePerNuclei_TH_SNCA,IndividualCell_Intensity_MeanIntensity_SNCA,IndividualCell_Intensity_RadialProfile_InterceptFit_SNCA,IndividualCell_Intensity_RadialProfile_MaxSlope_SNCA,IndividualCell_Intensity_RadialProfile_Maximum_SNCA,IndividualCell_Intensity_RadialProfile_MeanGradient_SNCA,IndividualCell_Intensity_RadialProfile_Mean_SNCA,IndividualCell_Intensity_RadialProfile_Median_SNCA,IndividualCell_Intensity_RadialProfile_Minimum_SNCA,IndividualCell_Intensity_RadialProfile_Q1_SNCA,IndividualCell_Intensity_RadialProfile_Q3_SNCA,IndividualCell_Intensity_RadialProfile_SlopeFit_SNCA,IndividualCell_Intensity_RadialProfile_Std_SNCA,IndividualCell_Intensity_SumIntensity_SNCA,IndividualCell_Surface_MeanSurface_SNCA,Membrane_Intensity_MeanIntensity_SNCA,Membrane_Intensity_MeanIntensity_TH,Membrane_Surface_SurfacePerNuclei_MAP2,Membrane_Surface_SurfacePerNuclei_SNCA,Nuclei_Living_Ratio_MAP2,Nuclei_Living_Ratio_MAP2_SNCA,Nuclei_Living_Ratio_SNCA,Nuclei_Living_Ratio_TH_SNCA,Nuclei_Ratio_Dead,Nuclei_Ratio_Living,Nuclei_Surface_MeanArea,Nuclei_Number_Living_median,Cell_Neurites_LengthPerNuclei_MAP2_median,Nuclei_Number_Living_std,Cell_Neurites_LengthPerNuclei_MAP2_std,non_toxic,exp_condition
33,PD-SC1-01,I08,5.957587224322601,Mut;Vorinostat,5e-06,S1047-01,Vorinostat,Autophagy#HDAC,2592.0,4.5220304,29.52272604903426,-0.90769714,-0.844194,4.0755453,3.309735,-0.50226057,0.15984373,3.201028,2.5861843,0.22242267,4.1646214,-0.23689272,18.933266,4.5918922,5.296056,1.415072,1.6275684,12.584269,29.958776,24.873446,11.239448,29.41938,5.378182,5.1472445,4.2247195,21.45126,-0.46306106,-0.45764035,43.38475,43.566265,11.278531,11.05874,-5.0625725,6.342498,-6.428317,6.901058,6.05293,17.355015,6.4804745,6.1281967,-6.1151214,5.38676,11.276789,21.217337,-4.872552,-0.41587052,6.7063293,9.782121,-5.2407756,-3.1319973,-1.8772354,3.303367,3.4925497,-3.4925423,0.440961,2398.0,5.5326347,337.23043106511557,2.1040528658934217,True,Mut;Compound
58,PD-SC1-01,L04,4.913521650252013,Mut;STF-62247,5e-06,S1041-01,STF-62247,Autophagy,2360.0,8.480287,27.44454451549631,3.260384,3.1530435,1.5577954,-3.7667317,-2.2648525,-0.8916768,-2.6807265,-2.3354182,-1.4573393,2.7817197,24.167788,8.456137,3.512334,8.277712,1.3100595,2.8193238,8.012774,14.990629,11.077939,8.477349,11.428951,6.1795635,5.2503405,19.363497,10.941193,-0.29477087,-0.2679387,28.986965,30.121279,5.502903,9.992373,-10.809773,5.3600464,-13.538099,5.233809,5.1680007,4.5816946,5.3655353,5.2254763,-13.9085245,4.5611153,3.0991535,5.7164702,-5.670744,11.361642,5.1056557,10.474687,-14.850906,-7.9887805,-1.5608448,-1.025243,-0.3260758,0.32607502,-1.0414406,2398.0,5.5326347,337.23043106511557,2.1040528658934217,True,Mut;Compound
100,PD-SC1-01,L17,4.866285445247477,Mut;Entinostat,5e-06,S1053-01,Entinostat,HDAC,2036.0,10.464275,26.004505542697387,-0.49440455,-0.34451813,3.5512207,1.672877,-1.001157,-0.50181085,1.4685946,1.0340924,-0.015056223,5.6502314,12.606405,13.642979,6.0008087,16.589844,2.6670394,6.205085,16.311543,18.360588,14.954948,17.727474,21.578657,-1.4900367,6.409019,26.25666,18.46989,-0.46350798,-0.4516154,28.573528,27.983797,14.26897,13.057744,-6.2849054,7.7560005,-8.650751,7.918037,7.4045105,3.3544173,7.733732,7.5147724,-8.375305,6.0989456,8.764105,13.3080435,-4.9398227,2.9204447,13.372204,5.039689,-0.7039223,2.1433315,2.4509757,3.4045255,-0.45145336,0.45145142,2.267944,2398.0,5.5326347,337.23043106511557,2.1040528658934217,True,Mut;Compound
111,PD-SC1-01,M08,4.559940826537013,Mut;Bazedoxifene Acetate,5e-06,S2167-01,Bazedoxifene Acetate,Estrogen/progestogen Receptor,2497.0,2.3748221,25.16981785212443,-1.6794822,-1.6808407,1.0187068,-1.3587637,2.2733457,5.412113,0.67053777,1.2478153,-1.6766064,5.0849895,3.2184424,22.36007,5.4366302,2.2856956,4.5808883,3.2665613,10.020828,34.236984,28.25259,7.68932,24.672195,12.613824,7.1734242,2.8988302,21.440083,0.16882692,0.13182355,63.507412,62.180763,9.962917,12.649628,-4.782166,5.6704392,-7.246172,7.4799905,5.644295,56.622692,6.222059,5.5940742,-7.164668,5.180336,21.85243,40.407818,-7.133832,-1.3503573,3.589667,13.462692,-0.39405227,1.2184743,2.2304392,2.9161618,-0.39242095,0.39241827,2.5161774,2398.0,5.5326347,337.23043106511557,2.1040528658934217,True,Mut;Compound
284,PD-SC1-02,I21,5.217759579077243,Mut;Flavopiridol,5e-06,S1230-01,Flavopiridol,CDK,1808.0,1.8885294,18.72224534137085,4.3290935,4.4451776,-0.21984649,-1.672955,-2.8629415,-0.9575287,-2.0860145,-1.5500623,-2.4936218,4.3668184,-0.1001453,13.52689,4.3001065,-3.1391,-2.1756196,-1.7492098,-1.9191556,9.620885,12.136307,-0.14936408,7.690051,9.525975,5.6200337,0.24994025,11.455744,2.8511662,2.7094467,18.829597,18.401888,1.4208493,3.886649,-1.6658887,9.783943,-1.9602256,8.219333,9.834865,8.047843,9.8783455,9.794316,-2.0117013,10.070153,6.092411,4.6690307,-3.129327,0.28012848,-12.96655,6.392125,-5.9721856,-5.9997344,-5.631826,-4.6427703,3.6550388,-3.6550374,-1.4341564,2406.0,9.384643,281.252587866882,4.154331349948413,True,Mut;Compound
290,PD-SC1-02,J07,8.061227799575008,Mut;Simvastatin ,5e-06,S1792-01,Simvastatin ,HMG-CoA Reductase,2533.0,8.112782,33.7761701752616,-0.8520503,-0.6908416,0.77780455,-0.33690745,-2.4600296,-2.6087637,-1.1222028,-1.2646487,-1.561567,13.667599,1.4008118,43.76429,13.670457,8.1764145,2.241957,1.5120692,9.250754,32.53437,35.389526,3.5757244,17.347183,9.919301,15.883678,4.1018043,32.2478,1.583655,1.6779287,53.841797,52.736282,18.402195,12.50181,-7.5383797,12.411542,-8.732856,11.914383,12.375235,6.431973,12.506283,12.36377,-9.416231,12.747729,17.940203,13.202836,-18.055609,0.33814803,5.9210505,13.246481,-2.123711,-0.5749056,-0.11416753,1.9133836,1.7656457,-1.7656441,1.4908152,2406.0,9.384643,281.252587866882,4.154331349948413,True,Mut;Compound
338,PD-SC1-02,L15,4.588684477568688,Mut;SNS-032,5e-06,S1145-01,SNS-032,CDK,1648.0,2.3432193,17.510602806230974,2.7251296,2.8312674,-1.5912652,-0.9643365,-2.243634,-1.649863,-1.44735,-1.2629571,2.752641,7.5095506,1.9430789,25.908,7.5882006,-1.6629417,-0.6209517,1.6646268,4.309239,21.404547,23.149128,3.9913166,11.273795,4.8237877,9.87172,2.0798962,18.94304,2.9852648,3.0070941,35.32667,35.18771,3.6922028,2.82513,1.0962223,7.364697,1.1782851,7.31548,7.4944367,11.12935,7.5088754,7.432077,1.2501229,7.2535744,16.339764,11.838553,-12.111858,-0.018158698,-2.918473,10.785067,-2.35651,-4.2803283,-4.711778,-1.0308334,1.3523805,-1.3523806,1.941456,2406.0,9.384643,281.252587866882,4.154331349948413,True,Mut;Compound
377,PD-SC1-02,E11,7.413796165139227,Mut;Entinostat,5e-06,S1053-01,Entinostat,HDAC,2224.0,14.439381,34.32442771606977,-0.058823954,0.11065985,2.3998656,0.25011373,-3.6726325,-2.632087,-1.1794376,-0.9462739,-4.2349305,8.623295,1.3356432,43.230762,8.597591,25.218319,9.3430395,10.111745,25.700201,37.79699,40.564644,12.746251,22.358316,4.1415157,10.139618,6.5411797,32.19117,0.59703815,0.5954428,61.372036,60.873116,16.330513,11.162515,-4.078439,11.591666,-3.2865558,12.5726,11.601236,11.89277,11.782782,11.566854,-3.303483,11.935536,13.779488,10.866534,-15.62896,-0.1552331,31.248415,14.927779,-0.45154053,0.5862037,1.090073,3.255055,2.8630476,-2.8630497,0.23340823,2406.0,9.384643,281.252587866882,4.154331349948413,True,Mut;Compound
430,PD-SC1-02,H04,5.6967785792393695,Mut;Bazedoxifene HCl,5e-06,S2128-01,Bazedoxifene HCl,Estrogen/progestogen Receptor,1682.0,10.402324,28.244814456545523,0.40459794,0.4281334,-0.36652488,-2.7186608,-0.6006542,-0.9303495,-2.412694,-2.2327545,1.0700097,12.843539,1.5386205,38.63505,12.813782,4.7501388,0.28332037,1.7182744,14.364279,27.880104,31.15412,6.455358,11.629064,2.693017,13.505263,1.6415693,22.56277,1.4007154,1.457314,50.13827,49.025444,14.7958765,16.890915,-8.116273,11.562302,-9.318746,15.184691,11.809922,53.267277,12.515594,11.620775,-9.764013,13.015652,12.030363,8.297401,-12.30505,0.34789076,10.271649,13.545428,-3.293678,-1.3659904,-1.7828432,5.199096,2.2271614,-2.2271616,-0.9760455,2406.0,9.384643,281.252587866882,4.154331349948413,True,Mut;Compound
466,PD-SC1-02,G08,6.834044900754946,Mut;Vorinostat,5e-06,S1047-01,Vorinostat,Autophagy#HDAC,2354.0,12.989045,32.49352646212933,0.82326573,0.968878,1.6445312,0.6227519,-3.4999192,-1.4740678,-0.8995248,-0.24222238,-1.3607533,10.5859585,-0.27307668,42.63538,10.777904,18.435768,1.8194594,2.286502,15.513101,34.092983,37.62352,7.189109,20.167368,6.8996696,11.738085,3.6668665,31.391397,0.615825,0.67661476,51.85991,50.064514,20.15311,12.18895,-4.7564206,13.067746,-4.875151,12.646484,13.127966,13.492887,13.292523,13.070114,-5.0148363,11.752604,14.996466,11.487957,-16.656866,-0.49891704,21.690166,17.84081,-1.3202391,0.5048404,0.9445814,3.057447,3.5591567,-3.5591571,1.6938843,2406.0,9.384643,281.252587866882,4.154331349948413,True,Mut;Compound
510,PD-SC1-03,I08,5.583653613805528,Mut;Bazedoxifene HCl,5e-06,S2128-01,Bazedoxifene HCl,Estrogen/progestogen Receptor,2179.0,8.409931,27.963210208307203,-1.2801684,-1.2685978,-2.5254016,-1.6402965,-3.3779628,-1.1896347,-1.9742846,-1.7555088,1.5057118,15.522892,-0.09443819,28.163492,15.2349205,5.4639516,0.9625022,1.3080393,16.35293,25.219345,24.637976,7.5539756,16.54121,5.7308106,17.257277,0.3827207,30.46475,3.7251928,3.6178107,50.116005,47.939972,20.019129,16.098486,-5.7350006,9.002695,-6.2517986,12.461151,9.051943,104.51629,9.150235,9.029052,-5.9149137,9.881737,24.708109,18.881405,6.079589,-0.2374424,10.24058,8.749964,-3.2240992,-1.7308862,-1.8445419,3.303455,2.52289,-2.5228932,-0.66179436,2294.0,6.532728,219.84362210857552,3.028552264329438,True,Mut;Compound
524,PD-SC1-03,J03,5.604276281046337,Mut;SNS-032,5e-06,S1145-01,SNS-032,CDK,1986.0,-3.0210004,24.319269752777952,0.66308814,0.6877489,-2.6530106,-2.6413238,-1.6255987,-1.5542908,-2.5682092,-2.5567508,1.927195,10.006419,5.9415474,16.525467,9.888903,-6.1149282,-0.6956672,-0.19967605,0.6816551,16.0359,15.333877,4.690184,14.830748,7.241159,11.789679,-1.1765531,23.178417,5.4271145,5.2982306,30.598003,30.099056,4.786836,4.154668,-2.0090187,5.7709093,-1.3154082,3.7014794,5.7794294,160.19112,6.0010743,5.7640085,-1.218857,3.611151,21.876303,19.464981,0.023729403,27.118256,-10.977232,3.9515548,-5.3459315,-7.7168875,-8.268715,-1.4906996,2.595877,-2.59588,-1.3243401,2294.0,6.532728,219.84362210857552,3.028552264329438,True,Mut;Compound
609,PD-SC1-03,E05,6.771766878632313,Mut;Simvastatin ,5e-06,S1792-01,Simvastatin ,HMG-CoA Reductase,2222.0,6.1334023,31.52972963967953,-3.0620444,-2.955274,4.8234653,1.5771079,-1.1958631,-1.4615221,0.89808357,0.5710072,0.25021076,12.240723,0.60962373,25.315033,12.41607,4.6063304,0.70486546,0.12892193,12.086669,25.161854,24.0129,6.289033,20.82452,10.525808,13.673552,4.332267,31.763716,1.3722533,1.446569,46.731823,43.664906,19.017813,15.996955,-6.5690928,7.6153193,-9.111626,8.554488,7.5617037,10.874869,7.633119,7.583699,-8.8355055,7.7720942,24.655647,21.404383,-7.778284,-0.9977579,5.5977874,8.089528,-0.30761197,2.0148258,2.7612035,1.5111765,-1.058412,1.0584083,2.8024673,2294.0,6.532728,219.84362210857552,3.028552264329438,True,Mut;Compound
626,PD-SC1-03,D10,4.437748299875825,Mut;Flavopiridol,5e-06,S1230-01,Flavopiridol,CDK,1700.0,2.0519454,17.614935843241543,-1.6679693,-1.6735841,-1.065414,-0.38702822,-2.0275571,-0.48613086,-0.87800556,-0.592587,-1.7813314,1.085878,-0.33435875,11.882826,1.2621967,-0.8193899,-0.23344713,0.07571309,3.0712986,16.08901,16.074127,6.57575,14.23643,6.6193995,3.0941067,0.36829096,14.364266,1.0540406,1.0655615,29.54699,29.243103,-0.5918983,2.6770654,-3.7652564,2.053344,-2.4185884,0.0027551728,2.0075214,37.29031,2.1169229,2.027664,-2.1851296,-0.10260925,13.836027,17.272287,-4.261413,0.2892962,-11.598814,3.948098,-5.28569,-7.6589065,-7.163414,-1.0946363,3.7500496,-3.750053,-0.3831341,2294.0,6.532728,219.84362210857552,3.028552264329438,True,Mut;Compound
635,PD-SC1-03,C11,7.428229456404685,Mut;Vorinostat,5e-06,S1047-01,Vorinostat,Autophagy#HDAC,2244.0,8.029425,34.33497403060949,-1.2572302,-1.266983,5.2116685,1.436995,-0.9144201,-1.3803471,0.87775743,0.5238587,-0.9541421,9.831718,1.4814796,28.761196,9.9543,11.605533,2.0185328,2.3376145,22.92781,31.282871,30.171558,15.026253,25.504768,3.024044,10.039928,5.9130354,32.72142,0.4821485,0.42152867,59.434547,55.295563,14.500977,11.269632,-4.2160125,8.003792,-3.6983004,8.798055,7.9513717,210.0811,8.295624,7.9451265,-3.5308557,7.3472238,18.903032,17.109716,-8.021745,-0.8619585,23.041069,12.635653,-0.86742526,1.5011324,2.3615263,5.573752,0.8625972,-0.86260027,1.1831625,2294.0,6.532728,219.84362210857552,3.028552264329438,True,Mut;Compound
641,PD-SC1-03,C17,5.810088528749069,Mut;STF-62247,5e-06,S1041-01,STF-62247,Autophagy,2209.0,9.662192,30.261989205804944,-3.0306363,-2.9866726,-0.2138384,0.22313562,-3.028377,-2.5023732,-0.7193267,-0.82183325,-1.9189826,8.093177,0.6917746,23.93568,8.255436,10.737151,3.6203105,3.0555615,17.712015,26.215149,25.873188,10.191001,17.427223,7.255626,10.445396,4.7278805,24.648617,1.6136694,1.5587182,59.78365,54.423058,12.9448805,12.410688,-8.279449,5.796584,-9.098165,6.375201,5.756448,7.638921,5.808751,5.7753663,-8.783821,5.894665,21.815882,19.639366,0.27169588,-1.3495224,16.260622,20.651539,-1.4119534,-0.12431607,0.10475504,2.067471,-0.8876936,0.88769144,0.1391173,2294.0,6.532728,219.84362210857552,3.028552264329438,True,Mut;Compound
671,PD-SC1-03,H07,9.481571025780818,Mut;Entinostat,5e-06,S1053-01,Entinostat,HDAC,2647.0,6.682036,39.46210406550312,-2.4502585,-2.3111072,5.2209363,1.5651132,-3.1061752,-2.784114,0.15591523,-0.10812324,-2.2692676,6.9898314,-1.7165989,28.307987,7.6139913,14.901898,6.1067104,7.3836656,26.38747,33.323578,32.382458,15.461258,27.412214,9.706757,10.518916,1.5973533,35.318344,0.02070737,0.11977703,70.353,64.96829,19.85895,13.900828,-4.666322,8.733015,-3.5987377,9.855618,8.656573,43.36961,8.791398,8.679461,-3.259169,7.531892,26.059431,25.25022,-14.214437,-1.4619479,24.520903,17.796211,0.59718275,1.8860418,1.8447684,1.2620115,-0.75104815,0.751046,1.2465482,2294.0,6.532728,219.84362210857552,3.028552264329438,True,Mut;Compound
717,PD-SC1-04,K03,5.101116806504546,Mut;Vorinostat,5e-06,S1047-01,Vorinostat,Autophagy#HDAC,2187.0,4.3846636,25.937311127264085,-2.1096733,-2.001253,5.380465,3.4514394,-0.98072416,0.02818006,1.7547631,2.5128756,4.2587113,7.976248,2.7653944,25.09161,7.7740927,2.6534886,-1.8086152,-1.7611676,12.74669,25.520763,25.237785,8.53952,16.87941,2.2695756,7.532272,7.486918,20.384575,0.09653194,0.10285264,51.618103,52.37388,14.338348,14.868275,-7.0315957,10.731897,-5.758453,10.694429,10.629453,60.716038,10.737489,10.652234,-5.530368,9.38795,16.301792,14.635481,-14.457884,-1.2586795,8.334529,4.1036344,0.59528255,2.6262498,2.5005267,5.2077627,0.35142514,-0.35142788,0.053277604,2461.5,6.9916222999999995,232.9838562491557,2.78648852922049,True,Mut;Compound
752,PD-SC1-04,I11,4.096386353971978,Mut;Bazedoxifene Acetate,5e-06,S2167-01,Bazedoxifene Acetate,Estrogen/progestogen Receptor,2011.0,12.652463,22.28094217496796,-0.9805858,-1.0300357,2.1946135,1.0796007,-0.44825813,-0.46195683,0.5554081,0.48040903,2.229943,6.184892,1.5354083,25.764587,6.177808,6.491238,0.068576604,1.56282,10.471815,27.21806,28.40875,5.4573445,12.909298,7.1772013,7.078431,2.221373,16.235285,0.4856724,0.490855,52.428455,53.734257,4.8507338,5.3683157,-3.2979238,2.4567807,-3.2831893,3.659811,2.6055734,506.23547,2.6714213,2.535849,-3.2313516,3.3634574,11.9914055,12.128364,-10.9542265,-1.7015382,9.059576,16.294708,-8.623902,-5.382723,-3.7711623,2.6090157,6.810884,-6.81089,-1.2182102,2461.5,6.9916222999999995,232.9838562491557,2.78648852922049,True,Mut;Compound
791,PD-SC1-04,N11,7.313236269362887,Mut;Simvastatin ,5e-06,S1792-01,Simvastatin ,HMG-CoA Reductase,2179.0,9.1659355,31.232667651326587,2.255258,2.344659,3.295147,1.7102443,-2.8762732,-3.0115788,-0.6148983,-0.7429648,1.386466,9.627508,4.674455,26.578957,9.615841,6.414874,-0.36344126,0.7945488,9.375088,23.578749,24.980604,5.4653955,13.608588,7.1774054,10.544009,9.111214,20.534449,0.39470777,0.43946555,42.706097,42.084663,15.776634,21.425398,-16.61915,9.042731,-16.71213,10.849299,8.933089,5.5492806,9.031037,8.962475,-16.670668,9.762696,13.078941,10.532052,-13.830044,0.59114695,6.066401,16.460047,-1.7603145,-0.0064833923,0.50968516,2.397814,4.292611,-4.292614,0.5716948,2461.5,6.9916222999999995,232.9838562491557,2.78648852922049,True,Mut;Compound
855,PD-SC1-04,E11,9.71900454216454,Mut;STF-62247,5e-06,S1041-01,STF-62247,Autophagy,2059.0,13.971967,40.15857433924655,2.4459784,2.6410308,-0.66271174,-1.174628,-2.7111545,-2.9931564,-2.093343,-2.2613363,-3.3961017,7.5342054,6.4506173,31.483892,7.9912524,12.493033,3.2258573,5.3403077,14.102149,30.214787,33.576637,10.963124,14.075799,10.613466,11.372958,11.963382,21.89354,1.4131852,1.5133564,78.05273,72.313675,9.605733,13.442654,-10.756173,6.3795857,-12.912431,6.8091474,6.317343,23.985083,6.3861938,6.334399,-13.132994,6.4487724,12.791792,9.454246,-13.902051,3.4365532,14.165752,42.222,-7.577075,-2.6954324,-1.3898002,0.62383664,0.8915154,-0.8915196,0.25307924,2461.5,6.9916222999999995,232.9838562491557,2.78648852922049,True,Mut;Compound
884,PD-SC1-04,C19,8.258672423295138,Mut;Entinostat,5e-06,S1053-01,Entinostat,HDAC,2482.0,7.9804,36.31676521017932,-2.156311,-2.1748664,4.635253,2.6660392,-2.2121534,-2.234372,0.27748895,0.22065534,-3.9795458,6.5027704,3.3728929,28.357994,6.831071,12.036999,2.6434336,4.5641727,13.814929,29.984129,31.207563,11.6254015,17.749456,4.0215144,7.9656305,9.8608675,21.699547,0.14578605,0.20385595,69.30758,67.5507,14.4154415,13.643203,-4.5207086,9.9086275,-3.3088396,10.889999,9.857755,685.4896,10.185139,9.83747,-2.981114,8.283966,17.592964,17.02444,-21.605307,0.68403786,17.198912,31.176657,-3.9342825,-0.62386626,0.3321708,3.885582,1.8957878,-1.8957924,-2.6767616,2461.5,6.9916222999999995,232.9838562491557,2.78648852922049,True,Mut;Compound
939,PD-SC1-04,F15,4.288410094517415,Mut;Bazedoxifene HCl,5e-06,S2128-01,Bazedoxifene HCl,Estrogen/progestogen Receptor,1800.0,12.295784,25.14240353630198,-0.48725158,-0.47245827,-0.5693058,-0.4356172,-2.3535697,-0.9200377,-1.4643946,-0.81132096,-1.5901233,7.217518,2.5252364,26.77887,7.0984697,7.781469,0.46493125,2.3738568,14.290994,26.743717,28.268826,10.011774,14.150001,3.6125863,8.263922,4.0861588,18.639118,0.6218388,0.59099305,53.000427,52.706776,9.271345,12.935561,-7.809732,7.9495187,-6.980154,8.988571,8.056153,643.9403,8.20627,7.9880476,-6.7049937,8.683204,13.690706,13.044957,-5.6356897,-0.9861758,9.8244505,15.080545,-5.05091,-1.8548517,-1.3938307,3.5452735,6.574072,-6.5740724,0.24449295,2461.5,6.9916222999999995,232.9838562491557,2.78648852922049,True,Mut;Compound
1246,PD-SC2-02,N11,5.140544157432698,Mut;WAY-600,5e-06,S2689-01,WAY-600,mTOR,2696.0,-1.0230923,5.348104161107132,-1.0882274,-1.1218834,1.1600337,1.7106042,-2.0877573,-1.4004506,-0.16288374,-0.2781188,-2.740063,-1.0473058,-2.309863,1.0438396,-0.6814801,-0.022190114,3.4928517,1.4616414,-0.06689032,1.8474762,1.6484009,1.7103595,1.9761319,0.8495721,-0.5985797,-0.47380802,1.358272,-1.4082935,-1.2632229,1.2026597,1.262312,-0.42664546,-0.21454003,0.1262714,-1.423411,-0.2687716,-1.047151,-1.4039338,0.0031097317,-1.4062724,-1.4143249,-0.27506366,-1.5486186,-0.23025844,-0.25170553,-3.119866,-1.6132139,0.039704397,4.055833,-3.3841052,-2.4902325,0.36747766,0.08281857,-0.59158945,0.59158957,0.8893238,2874.5,-0.670540265,263.7386217565804,0.7992732108615145,True,Mut;Compound
1442,PD-SC2-03,I20,5.000760397157808,Mut;Tyrphostin 9 ,5e-06,S2895-01,Tyrphostin 9 ,PDGFR#EGFR,2287.0,2.601315,3.9098635880388097,5.8515487,5.7190723,-4.0344176,-5.040355,-5.69823,-2.4234478,-4.9970675,-4.421399,0.14689994,4.1791224,2.8683145,3.0393472,4.026001,0.5894092,-1.8298972,0.6421599,0.7102181,1.0929149,1.9930944,-0.8413296,0.8946377,2.406406,3.5985694,3.085408,2.2147136,8.596633,8.292843,1.4341592,1.3318282,4.3133802,2.8059986,-1.9428424,1.6941266,-2.08018,2.4201784,1.6781956,-0.038043287,1.7038988,1.6853918,-2.0817423,2.2245634,3.4123151,2.348469,16.899965,2.1701493,2.3886206,4.579777,-8.575524,-7.0546465,-5.310995,-3.7338877,4.345565,-4.345565,-1.8585318,2572.0,-0.72571897,233.1003815500693,1.6982301983132162,True,Mut;Compound
1510,PD-SC2-03,M07,4.233054553722971,Mut;WAY-600,5e-06,S2689-01,WAY-600,mTOR,2213.0,-2.4007454,12.411210036997748,-1.2956359,-1.3236669,-2.678662,-3.0431993,-6.8058624,-5.449657,-3.7516606,-3.7570703,-3.0351012,0.60862875,-0.9516246,2.8492968,0.7392838,-1.3274404,24.563198,8.557147,3.6953194,4.4259934,4.4272614,3.1598587,3.7590137,1.7049831,1.0970347,1.2505977,2.8082228,-0.25755003,0.07399692,5.0431395,5.0044484,0.14889772,0.86486655,-1.5012424,0.67526656,-1.4263204,0.7430347,0.7095379,-0.005103368,0.67747575,0.6992624,-1.4351323,0.8200788,0.9585268,1.7977511,-8.299581,-2.272362,0.5047236,6.945867,1.0066342,-0.9486521,-0.790719,-0.8551478,-0.0028465742,0.0028473458,0.8984769,2572.0,-0.72571897,233.1003815500693,1.6982301983132162,True,Mut;Compound
1535,PD-SC2-03,E11,4.716203994784512,Mut;Sertraline HCl,5e-06,S4053-01,Sertraline HCl,5-HT Receptor,2338.0,4.98176,27.349014170576748,3.0631258,3.1516495,-0.51414037,0.033464607,-2.5326326,-0.34265214,-0.2897277,0.2705823,0.80625093,8.79197,1.6295714,19.292831,9.277584,8.801266,7.609635,4.074198,4.5176415,17.848955,18.748909,3.5054572,15.371844,15.022837,10.855506,1.4921505,18.312965,5.6352005,6.254124,24.06037,23.272562,11.002067,12.399418,-7.7673855,8.303934,-8.654944,9.170952,8.404401,47.44686,8.64273,8.33844,-8.899621,9.262843,23.032267,20.395971,-10.019816,0.6843558,3.2589278,29.654928,-4.9144,-2.5074992,-0.8610046,-0.5376042,3.9298632,-3.929865,-0.08878863,2572.0,-0.72571897,233.1003815500693,1.6982301983132162,True,Mut;Compound
1550,PD-SC2-03,C05,5.297018928697413,Mut;Lonafarnib,5e-06,S2797-01,Lonafarnib,Transferase,3133.0,2.0573273,28.1805281633798,0.33701706,0.5537305,-1.1194454,-1.946584,-1.8799671,-1.4702574,-1.7277689,-1.7457728,-3.7531028,5.7942357,2.7574978,15.7512245,6.127306,7.5139527,17.788488,8.996148,6.9210973,16.82119,17.82608,7.940135,15.622938,9.4203,7.122563,3.7730632,15.228892,2.277445,2.7481909,20.301884,19.632494,9.772308,8.743368,-4.5485253,9.328631,-4.922145,9.840643,9.440765,39.503624,9.613931,9.377347,-5.1067386,9.763581,18.074228,18.647644,-9.362333,2.4916651,5.222272,29.7951,-3.5015101,-1.3164576,-0.13746491,-0.05853676,5.362979,-5.3629804,0.49053693,2572.0,-0.72571897,233.1003815500693,1.6982301983132162,True,Mut;Compound
1670,PD-SC2-04,I09,4.576510085074504,Mut;Lonafarnib,5e-06,S2797-01,Lonafarnib,Transferase,3319.0,-0.5693065,26.531062291573743,-0.70588636,-0.52876645,-0.9043573,-0.8581519,-0.9521323,-1.0080459,-1.0814848,-1.0753767,-6.1670938,4.1811666,-3.3811078,14.595239,4.478268,1.7315779,12.651205,6.2131085,2.7852647,17.43459,17.448223,4.16966,15.35698,11.79327,5.5645423,-1.7890491,14.911505,0.96396154,1.0192547,29.41111,28.070396,10.36381,12.365764,-5.3051744,13.375578,-7.1827264,11.755732,13.713602,12.890522,13.652953,13.5564575,-7.136517,10.58024,10.135967,9.819778,-3.233401,-0.84555334,1.68384,17.72013,1.2275286,1.063629,1.8516643,-2.2505646,-0.7171227,0.7171233,0.83448935,2696.5,-0.32187199499999997,280.1699159763264,1.0983985079708316,True,Mut;Compound
1686,PD-SC2-04,J05,5.381054532037819,Mut;Tyrphostin 9 ,5e-06,S2895-01,Tyrphostin 9 ,PDGFR#EGFR,2038.0,2.1177282,6.264784324958497,4.54907,4.417716,0.6155228,0.2123245,-4.3682337,-1.2901433,-1.2675482,-0.38351306,3.7005732,1.5195657,4.870687,2.5875974,1.4828024,0.058544796,-3.3605587,-1.245668,0.37943196,2.0802543,2.5496595,-0.38768995,1.2731477,2.802856,1.1356626,5.702917,1.6162035,0.1050181,0.11203543,0.77232814,0.96580386,4.2064266,2.2279527,-0.6731758,0.9378081,-0.9900939,1.4481757,0.9072123,-0.09009154,0.9284962,0.9132322,-0.9164275,1.0479246,0.40309143,-0.28827575,0.49677497,0.62655497,1.1544585,5.5011177,-3.55687,-3.5873265,-2.9862447,-1.4331944,6.571967,-6.5719757,-1.7850968,2696.5,-0.32187199499999997,280.1699159763264,1.0983985079708316,True,Mut;Compound
1744,PD-SC2-04,L22,4.461460817843987,Mut;Sertraline HCl,5e-06,S4053-01,Sertraline HCl,5-HT Receptor,1883.0,0.6505519,25.06504909652905,5.182502,5.173468,-0.09476795,-5.1877456,-1.567499,-1.0982134,-4.667816,-4.3967543,1.7941264,5.6892176,8.881368,18.266928,5.9863534,0.44503206,2.1619027,1.8498276,2.6529434,20.582853,20.285252,4.7470345,17.517855,10.454412,6.898188,3.5897062,18.016455,0.8776615,0.9270525,35.0385,34.049057,12.06344,17.436518,-10.690777,12.7171335,-13.34729,11.669239,13.01932,23.37244,13.216408,12.847174,-13.281774,11.045577,13.952411,13.101078,-4.207334,0.25719076,0.23592441,11.023927,-0.25730523,0.77637225,1.4371289,3.0534918,-1.5760775,1.576079,1.0303181,2696.5,-0.32187199499999997,280.1699159763264,1.0983985079708316,True,Mut;Compound
2062,PD-SC3-01,G17,4.118712901686838,Mut;Duloxetine,5e-06,S5071-01,Duloxetine,5-HT Receptor,2516.0,1.3573444,25.066921023799857,0.10757744,0.09951557,0.044970162,-0.036883853,-0.53073,0.05432992,-0.12034312,0.09730682,-6.254409,3.0648103,-2.4161692,12.836568,3.416925,2.3382428,8.713556,4.2223244,3.7045245,17.434467,18.855534,4.6803665,14.724883,8.16812,4.972113,-1.8645811,13.128889,0.15597309,0.22462493,20.004578,19.906605,8.181212,11.413054,-8.601527,6.1457887,-9.346845,6.555106,6.1371326,15.116889,6.2439837,6.1285105,-9.884598,5.687495,5.111988,6.1495676,-2.3447464,-2.6123457,2.0757344,22.296806,-3.338862,-2.0503137,-1.1666633,-2.4791896,2.4017684,-2.4017737,0.42748687,2668.5,-0.27156257,289.0832296006873,0.4581291404354457,True,Mut;Compound
2397,PD-SC3-03,I18,5.573457311016115,Mut;Duloxetine,5e-06,S5071-01,Duloxetine,5-HT Receptor,2917.0,-1.2517859,28.50393975488331,-0.55596,-0.5466667,-4.0912733,-0.6670995,0.5259184,0.72435623,-0.50149083,-0.48481217,-4.5602236,4.992608,-2.0182612,29.212132,5.5146337,0.910015,6.270146,4.3036733,3.138348,20.849682,22.48218,7.592932,15.691966,14.393387,6.859905,-2.3067818,22.363037,4.519773,5.41689,24.916054,23.999048,3.8369114,9.038215,-4.938104,5.8214593,-6.015749,4.92013,5.898478,22.013657,6.128882,5.843313,-6.062879,5.057849,12.342449,9.937665,-2.8939712,-0.47599736,0.7751861,42.26858,-1.2701979,0.22430456,0.82795715,-0.293979,1.3337694,-1.3337702,0.3696166,2612.0,-0.021303542,243.98148215871558,1.5965196462242333,True,Mut;Compound
2853,PD-SC4-01,F07,5.696173310214164,Mut;TIC10,5e-06,S7963-01,TIC10,Akt,3621.0,-3.411026,1.3871235029445514,0.20955758,0.14024296,-2.3674502,-1.0956076,1.9695454,0.35546118,-0.7023124,-0.8645475,0.06400511,2.7798226,3.2982318,-1.7606624,1.4834019,-6.60531,-2.7553127,-3.9716132,-3.4544873,-4.203775,-3.7787886,-5.0303693,-6.136734,0.3565488,3.0089781,2.2624435,-2.9796772,6.7308807,5.3865266,-0.5571343,-0.8284558,1.3421044,5.0175548,-1.4647489,1.6837521,-1.0933304,1.2051378,1.8702888,101.83531,1.7455972,1.8017632,-1.1715739,0.77464044,3.1060507,0.5914299,4.7886147,5.0583725,-6.4002867,-0.86946255,-3.0594432,-2.8441875,-2.7768543,0.52549165,-1.9354897,1.9354904,-6.4646063,3641.0,1.595687,305.2667090207572,1.5654317252062993,True,Mut;Compound
2995,PD-SC4-01,N08,6.888459377032786,Mut;PIK-III,5e-06,S7683-01,PIK-III,Autophagy#PI3K,2859.0,4.727289,32.52312788700141,2.6836154,2.8757174,0.76625955,-0.5430567,-0.85247636,-2.7430415,-0.86460304,-0.8387304,0.49321944,17.220072,3.5624583,21.792278,26.089424,6.391551,-0.90894645,-1.228078,0.8125831,15.275759,16.34531,0.76843077,17.808676,8.854298,27.169762,3.387081,32.02471,1.1756927,2.0708845,34.35325,32.235542,11.509326,26.316788,-7.6982713,12.065183,-13.690976,11.017051,12.603962,306.52356,12.234247,12.399639,-14.106484,10.041708,11.846632,7.439648,4.0886445,4.07919,-2.4915612,5.759643,-4.787145,-2.0609925,0.28127193,-0.067965746,-0.30275485,0.30275506,-0.44535396,3641.0,1.595687,305.2667090207572,1.5654317252062993,True,Mut;Compound
3019,PD-SC4-01,I22,4.540747046296181,Mut;Ensartinib dihydrochloride,5e-06,S2934-01,Ensartinib dihydrochloride,ALK,2796.0,7.1647162,23.8401291279841,6.576625,6.8868356,-2.7846425,-1.1146739,-1.0888836,-3.8923154,-1.4018116,-1.4529533,5.6111565,28.893799,4.7305017,25.732334,36.239723,2.4410489,-3.1248064,-0.75034255,1.5237036,11.494849,13.390166,0.26237953,9.967994,4.0356846,37.526897,4.458355,30.25419,7.2322636,7.8811603,19.743399,18.913393,12.37226,25.501566,-4.9715943,14.751948,-7.706979,13.551244,15.53948,282.576,14.888037,15.25106,-8.182805,11.796649,23.290974,10.181948,26.721498,2.192811,1.8904103,2.8514152,-5.6296487,-4.5861506,-3.4771235,1.7207656,3.6302514,-3.6302562,-0.96450865,3641.0,1.595687,305.2667090207572,1.5654317252062993,True,Mut;Compound
3037,PD-SC4-01,I17,4.028919488155358,Mut;RG2833,5e-06,S7292-01,RG2833,HDAC,3495.0,4.614671,25.4178493038104,-2.438753,-2.355777,2.8399224,2.0763972,0.03198733,-1.6911057,1.7180351,1.4832166,-0.03764966,8.855167,0.12918939,20.746746,15.002863,9.3128605,1.529358,1.4369704,6.2314706,21.275923,21.372158,5.3691745,22.96915,4.6239676,15.661127,2.0104973,28.257013,-0.5656628,0.087883055,40.15851,39.029633,8.40282,14.125451,-3.055,9.259516,-4.167779,7.785068,9.598684,39.278984,9.269458,9.481394,-4.2888556,6.651961,16.156494,13.840886,-2.9849248,-0.8283646,6.905323,7.6799526,-0.012247223,1.5722525,2.6385522,1.7474787,-0.2459066,0.2459051,0.8386506,3641.0,1.595687,305.2667090207572,1.5654317252062993,True,Mut;Compound
3097,PD-SC4-02,K21,4.447510372446008,Mut;GSK1324726A,5e-06,S7620-01,GSK1324726A,Epigenetic Reader Domain,2926.0,3.8748746,10.720289226072914,7.9530454,7.9617295,3.154344,-3.7141593,-3.575533,-6.1253996,-3.6840277,-3.7689052,4.551199,7.099486,7.128705,4.2088456,8.149002,-0.3049493,-4.2751923,-1.532406,0.787514,0.9810919,1.6663222,-0.9866742,-0.3443938,-1.1298891,8.370692,6.831008,2.9159544,0.25864637,0.55800635,1.0877293,0.9717255,12.041284,12.261424,-4.845016,3.475367,-6.384772,5.2634773,3.505787,0.020669857,3.4625244,3.4981403,-6.4345765,4.5490017,0.44757196,-0.7126522,1.3057519,11.587489,1.05304,-2.4933162,-3.6139061,-2.6022217,-3.1064088,2.5599163,5.7079377,-5.707934,-1.2549453,3086.5,1.1060930500000001,158.33133172578516,1.0087145279160794,True,Mut;Compound
3140,PD-SC4-02,N05,4.206821604519701,Mut;Trifluoperazine,5e-06,S5856-01,Trifluoperazine,Dopamine Receptor,2892.0,4.2210355,25.83535425457581,0.21479703,0.29475996,4.7804546,0.96907705,-2.5971751,-0.9227652,-0.56013113,0.41242495,0.6174637,10.525231,2.2308095,20.898922,13.611447,4.4396415,0.30287755,0.76945734,4.768474,15.268659,18.090052,2.4511514,13.096369,11.324521,14.876561,3.6677344,19.49416,0.8457353,1.8922883,37.336445,36.20135,15.560048,23.344875,-11.824174,5.6956825,-15.873775,8.679207,5.837219,55.108643,5.8600187,5.769182,-16.06785,8.397798,10.738765,10.443559,1.6170669,2.941693,0.5051868,10.173083,-1.5745932,0.09554378,-0.29975614,-0.022494957,0.7367024,-0.73670113,3.8248162,3086.5,1.1060930500000001,158.33133172578516,1.0087145279160794,True,Mut;Compound
3150,PD-SC4-02,N15,4.386486330201066,Mut;VPS34 inhibitor 1,5e-06,S8456-01,VPS34 inhibitor 1,PI3K,3295.0,1.0132264,23.82517778625621,-1.2605505,-1.15884,4.798513,-3.1531947,-1.5576288,-3.2862203,-3.0557778,-3.161123,0.36425626,6.5568404,3.428108,16.265715,9.644092,0.0011635277,0.1530508,-0.13283113,2.3020315,12.833848,16.025917,1.9454255,11.600139,9.10736,10.812617,4.0970173,15.218261,-0.0037993605,0.5010475,35.890606,34.34637,12.853036,20.999424,-12.300236,7.0192285,-14.942562,9.53417,7.023749,6.935885,7.017778,7.0188704,-15.089284,9.926745,10.049913,10.855706,-1.3459183,1.6477041,-1.2144158,9.79383,-3.3665307,-2.0697038,-1.230282,0.3496542,3.2904546,-3.290455,0.9926488,3086.5,1.1060930500000001,158.33133172578516,1.0087145279160794,True,Mut;Compound
3201,PD-SC4-02,E05,4.049311470320523,Mut;SKL2001,5e-06,S8320-01,SKL2001,Wnt/beta-catenin,3374.0,0.93017185,22.7169554478527,2.0114038,2.142079,1.2361467,0.49357468,-3.1987376,-3.6940148,-1.1714785,-0.7188539,2.8307884,13.736748,5.397135,18.812729,16.828707,-0.8647162,-3.3492327,-2.115616,0.90714264,11.603972,13.597573,-0.15891863,9.932512,4.791992,17.585629,8.755745,18.016407,2.0852675,3.6935124,29.54058,29.410465,21.224699,24.188723,-4.720587,13.552802,-7.9827447,18.418533,13.726613,6.3589153,13.533965,13.666653,-8.144777,16.936096,12.169863,10.049205,2.8308337,4.8208246,-0.9461306,5.2654934,-1.1407757,0.9266888,0.46054465,3.8974452,1.0336777,-1.0336759,-0.5603226,3086.5,1.1060930500000001,158.33133172578516,1.0087145279160794,True,Mut;Compound
3234,PD-SC4-02,C17,4.536218332225648,Mut;Thiothixene,5e-06,S9467-01,Thiothixene,None,3243.0,-0.24507529,26.6309139108274,-0.66443676,-0.63663375,3.8183637,1.4331565,-0.86974645,-1.8852123,0.5028066,0.49930543,-2.0231266,10.931916,4.963928,25.556925,17.46142,-0.35583037,-1.5426686,-0.76445025,-0.32290733,13.421701,22.772755,2.7618778,14.2247095,7.2164164,15.960478,7.4691234,21.432959,0.9349114,1.6929998,51.924717,33.04064,14.841524,17.342281,-8.396424,5.1434994,-9.791113,8.29214,5.1726656,42.41531,5.2677593,5.1458225,-9.900678,7.914254,15.953873,17.224585,3.012605,5.6839633,-1.7830623,17.15365,-3.3342757,-1.2428017,2.0283473,3.9804935,-0.5931194,0.59311837,1.6779375,3086.5,1.1060930500000001,158.33133172578516,1.0087145279160794,True,Mut;Compound
3252,PD-SC4-02,G16,5.350706308829086,Mut;PIK-III,5e-06,S7683-01,PIK-III,Autophagy#PI3K,3032.0,4.747853,26.117997131662257,2.1229365,2.2328055,3.0993044,1.2416703,-1.9018,-4.970251,-0.1565575,-0.5637214,0.8258623,9.52876,3.2953649,18.234257,12.821872,4.3847713,-1.5370115,-0.87599295,2.42698,11.832188,15.947038,0.4972663,9.2915745,6.7506223,14.133866,6.6943994,15.148502,0.99676263,1.729657,41.130253,37.737125,17.031324,21.507652,-10.264024,8.650452,-12.413406,10.894641,8.73776,28.150047,8.716946,8.697305,-12.509115,10.622963,10.233663,9.5675745,0.82601875,1.4901853,-0.38422385,9.09834,-3.9999273,-2.1240623,-2.2895744,2.3873801,2.495903,-2.4959028,-2.8342288,3086.5,1.1060930500000001,158.33133172578516,1.0087145279160794,True,Mut;Compound
3273,PD-SC4-02,H17,4.444891136341761,Mut;RG2833,5e-06,S7292-01,RG2833,HDAC,3344.0,1.15541,26.713543290103537,-0.34699813,-0.1144976,4.2252464,-0.13712092,-2.5715578,-1.9097544,-1.3008338,-0.741487,0.4288289,8.313136,3.9761672,18.998253,10.732181,1.2298577,0.45621163,1.180997,4.751905,14.661073,17.748196,6.6564,15.225032,4.6946673,12.209899,5.920086,19.668354,1.0482812,1.5218897,37.235283,34.984837,15.133106,16.721056,-5.749644,8.177047,-6.9753523,9.53652,8.333412,17.973589,8.2095995,8.275572,-7.1003656,8.836395,11.940385,11.9490385,0.2435201,18.264605,1.1189731,10.756032,-0.68885034,0.9013017,1.369005,1.8773359,0.56108725,-0.56109035,2.7415626,3086.5,1.1060930500000001,158.33133172578516,1.0087145279160794,True,Mut;Compound
3292,PD-SC4-02,F16,4.216976019771936,Mut;Bimiralisib,5e-06,S8738-01,Bimiralisib,PI3K,3135.0,2.8858755,11.765902873546931,5.5506988,5.7263236,1.6010273,0.8720142,-3.1235087,-3.8672554,-0.9079675,-0.49616012,5.0971437,9.095329,6.131145,9.371292,10.738285,1.8923827,-2.6557078,-1.3345279,0.88320816,4.998156,6.4311466,-0.4452419,4.3752365,2.0503407,11.558297,10.198634,8.831372,1.8317555,3.346074,7.1374383,6.5346837,15.097616,12.925441,-1.9623796,8.003258,-3.4724743,11.075391,8.058086,0.18807018,7.9796414,8.040901,-3.6914537,10.722432,4.4559712,3.4810483,3.2158291,2.1040943,-0.3455183,1.5537461,-1.8183973,-0.38364026,-0.06489395,2.630562,6.7050304,-6.705023,1.4506055,3086.5,1.1060930500000001,158.33133172578516,1.0087145279160794,True,Mut;Compound
3300,PD-SC4-02,G04,5.8879615286994005,Mut;TIC10,5e-06,S7963-01,TIC10,Akt,2997.0,1.0286325,2.999646755711032,0.19302674,0.1827736,0.7250701,-3.4057498,-0.9572303,-1.4137387,-3.1468105,-3.159882,0.92272246,0.3409719,4.9016023,0.8245308,-0.13959585,-0.4561772,-1.555613,-1.3256351,1.3008907,0.97587925,1.0958576,-0.80507404,-1.0665642,-0.8967626,-0.4678825,2.3647141,-1.5217919,-0.320883,-0.92383945,1.3725663,1.8440924,-4.521433,-4.0179486,0.009706991,-1.5844404,0.5024503,-2.151466,-1.5838088,-0.2970335,-1.5909189,-1.5816655,0.41479948,-2.047625,0.2547048,0.7337435,-0.31813636,15.202973,-1.7805473,-1.4426523,-1.7292527,-1.4970996,-2.3145082,1.86203,2.9382553,-2.9382544,-2.0191672,3086.5,1.1060930500000001,158.33133172578516,1.0087145279160794,True,Mut;Compound
3306,PD-SC4-02,G10,5.044244403767713,Mut;Ensartinib dihydrochloride,5e-06,S2934-01,Ensartinib dihydrochloride,ALK,3048.0,2.6659746,17.815203512717595,6.2601433,6.2588186,2.4175317,1.1797206,-3.454777,-4.2377553,-0.8615512,-0.41647157,3.9533987,10.222353,2.4258747,12.63488,12.877668,0.73768157,-2.7804847,-1.1524917,-0.08262515,7.497,9.342292,-2.6651647,5.781514,9.073885,14.08037,3.9819036,11.593238,1.1817883,2.255631,14.971883,15.350977,20.455164,15.1136675,-5.345571,7.772499,-5.4168625,10.755919,7.896662,8.190367,7.7703676,7.8524904,-5.684807,11.424825,11.850044,11.422773,2.254851,1.4362302,-0.16961205,8.4967985,-3.477586,-2.6068308,-1.0876633,0.46578416,7.337911,-7.3378963,0.20270963,3086.5,1.1060930500000001,158.33133172578516,1.0087145279160794,True,Mut;Compound
3349,PD-SC4-03,I15,5.039430335655275,Mut;PIK-III,5e-06,S7683-01,PIK-III,Autophagy#PI3K,2827.0,7.185366,28.31864095682044,-0.9693274,-0.822885,4.880224,-1.0285251,-2.1837947,-3.22502,-1.2664366,-1.4156773,0.8178907,5.85384,4.9777493,14.491168,9.789637,8.389579,2.2599287,0.03516053,4.6281123,14.799393,16.253054,2.8095243,12.679906,15.491582,9.740878,11.391829,15.464611,0.29617608,0.6559975,47.5118,42.008953,15.814956,17.139982,-10.713516,6.972925,-12.917995,8.880961,6.8846755,21.894232,7.0314493,6.907776,-12.953547,8.51143,12.999039,12.372425,-1.6645184,5.027096,2.8511643,10.277768,-9.9858465,-5.58468,0.24834654,3.4656224,-0.716204,0.7162015,2.6721787,3187.0,2.6385050000000003,330.3951720243044,1.6469529333815762,True,Mut;Compound
3383,PD-SC4-03,M16,4.442443025048277,Mut;Bimiralisib,5e-06,S8738-01,Bimiralisib,PI3K,2745.0,7.569881,12.537443023314523,2.5071504,2.656425,2.7355013,1.2020704,-2.067068,-4.3942075,0.6153494,0.116098695,6.270998,7.4994564,5.771944,9.391171,9.673705,6.346429,-5.9721923,-0.9844294,2.6785254,7.250751,8.549155,0.13033997,6.1378574,9.662176,9.598799,12.251062,9.557872,0.11576222,0.42283952,8.138975,7.6244226,11.018242,11.910362,-6.6906557,5.067915,-7.4260507,6.077102,4.9311676,0.26843977,5.0729303,4.977045,-7.821368,5.1065984,11.908585,10.798223,1.4264039,1.5764389,3.5014474,3.7475543,-6.644956,-4.289399,-1.1180719,3.4518588,6.902225,-6.902224,2.5266285,3187.0,2.6385050000000003,330.3951720243044,1.6469529333815762,True,Mut;Compound
3439,PD-SC4-03,E05,4.588026182556303,Mut;UNC2025,5e-06,S7576-01,UNC2025,TAM Receptor#FLT3,2418.0,14.6092825,14.200785171494111,3.9961512,4.1014056,-0.04689797,-1.9498943,-3.5748854,-2.8063838,-2.1304336,-2.1229134,6.3798466,11.495383,12.574882,10.508576,14.892071,12.875508,-11.103743,-4.9682508,1.4523454,4.656955,7.5776834,-3.5707548,2.5482574,15.723079,14.230106,20.001806,8.527578,4.291599,5.9510155,10.685336,8.813861,16.086462,12.151088,-3.2860124,5.1486425,-3.3789182,8.298386,5.1992407,33.122623,5.2221303,5.1701956,-3.4649384,6.3524246,16.451412,10.920024,7.2831845,2.9307077,-2.2883153,2.5494342,-19.768295,-15.533672,-6.621257,3.4389625,8.9643955,-8.964395,-1.8922409,3187.0,2.6385050000000003,330.3951720243044,1.6469529333815762,True,Mut;Compound
3444,PD-SC4-03,E10,4.093038139842616,Mut;Trifluoperazine,5e-06,S5856-01,Trifluoperazine,Dopamine Receptor,3227.0,1.9356143,25.683995278194505,-1.8918352,-1.810712,4.1517444,1.516861,-0.45712376,-0.57639414,1.4500048,1.3212327,-0.10942169,8.289122,1.8001984,15.844569,13.322672,4.0592337,3.3146112,-0.43507275,2.3870146,14.358354,16.01572,1.0025756,12.25357,23.335623,13.28932,5.7586937,17.492321,0.35942742,0.95713824,44.411617,38.205524,17.254454,16.45009,-7.684661,8.783337,-9.677692,11.35883,8.7114725,23.829906,8.8465605,8.729676,-9.889026,11.331783,25.20061,24.628103,-0.08898767,-0.6701164,0.57641286,12.926014,-4.9829664,-2.2811651,2.6169748,1.5606419,-0.94321054,0.9432116,3.6453843,3187.0,2.6385050000000003,330.3951720243044,1.6469529333815762,True,Mut;Compound
3452,PD-SC4-03,E18,4.133567995250445,Mut;GSK1324726A,5e-06,S7620-01,GSK1324726A,Epigenetic Reader Domain,2396.0,5.985417,5.249466185395287,1.6270986,1.8052237,-1.3659587,-1.736003,-2.8978033,-5.660218,-1.921223,-2.1594975,3.702924,7.134876,4.5573115,5.9265356,9.215315,3.1141639,-7.4132204,-1.0503477,2.7230031,4.275703,4.395151,2.1346338,3.9805405,-1.8143344,8.727876,9.935479,7.2096486,3.0243146,4.760049,4.965092,3.346327,8.3448715,8.83229,-4.372103,1.6667209,-5.7401195,3.068029,1.678847,-0.07607855,1.6521558,1.6715497,-5.8371325,3.0925717,0.8351537,-1.0441287,0.8829591,1.3471619,1.6912884,-0.05365988,-4.0592923,-1.5879824,0.4338817,5.3475256,-0.4552437,0.45524243,5.1289406,3187.0,2.6385050000000003,330.3951720243044,1.6469529333815762,True,Mut;Compound
3457,PD-SC4-03,E22,4.864780718836287,Mut;FCCP,5e-06,S8276-01,FCCP,ATPase,2317.0,8.578926,9.168110208014872,7.1547318,7.317731,-3.2270875,-2.384471,-3.9279792,-5.4420304,-2.4710088,-2.5730414,5.053745,10.837848,12.616959,7.0268416,13.235982,1.7851516,-11.852798,-2.512105,1.8504162,2.5767708,3.8899903,0.3464717,1.3848528,-1.2702302,12.113048,23.64644,6.444472,9.579538,14.24425,4.3110805,4.279629,19.191996,9.243355,4.32678,10.446264,4.03538,14.944469,10.479274,2.2245245,10.453528,10.473928,4.134481,11.410627,9.749464,2.6065445,17.540594,9.851367,1.5627651,-0.58789665,-15.268725,-12.594719,-6.3202596,5.719425,7.0882263,-7.0882263,-2.2216096,3187.0,2.6385050000000003,330.3951720243044,1.6469529333815762,True,Mut;Compound
3464,PD-SC4-03,C10,6.099543324191061,Mut;TIC10,5e-06,S7963-01,TIC10,Akt,2916.0,-0.7133815,2.0030561919633034,2.543928,2.6368375,-4.552251,-2.6183455,-4.1376333,-3.1324127,-2.6457214,-2.6881087,-0.7810963,5.325187,8.850002,2.106935,4.978883,-2.499162,-6.7310653,-4.101079,-0.8184032,0.23746327,0.34126884,0.13419585,-0.16129313,-3.9901383,5.439725,11.235038,2.2756317,11.29345,14.792176,0.6824606,0.21551268,2.068327,1.3648427,2.031145,2.8251314,2.523791,3.340736,2.9131,0.32936448,2.8254554,2.8871753,2.6430976,3.472107,0.6897583,-2.733614,8.995757,2.2149615,-2.3557043,0.1804148,-10.128827,-10.179707,-4.1044188,3.6484246,-1.7615179,1.7615188,0.73419374,3187.0,2.6385050000000003,330.3951720243044,1.6469529333815762,True,Mut;Compound
3493,PD-SC4-03,G19,4.250765104200379,Mut;Tinostamustine,5e-06,S8769-01,Tinostamustine,HDAC,3455.0,-0.6081407,26.267016183691226,-2.721074,-2.6637185,0.9493474,0.86391425,-0.11412007,-0.7078981,0.9036347,0.6567205,-1.0169953,8.904616,-0.92612684,17.50855,12.945918,2.2092123,5.2983975,0.98530763,6.5556445,16.867428,17.564474,4.5261526,14.873842,15.258467,13.433363,1.7224253,20.137188,1.9803289,3.4248812,53.0484,49.130306,17.393105,15.363052,-3.4816175,12.718387,-4.536742,13.742699,12.718294,67.243546,12.907192,12.70433,-4.4457517,12.637699,29.219736,24.633154,1.323651,-0.26772153,2.6262455,11.876572,-2.5553432,-0.44398353,2.0906477,3.001679,-1.9695799,1.9695821,1.5713849,3187.0,2.6385050000000003,330.3951720243044,1.6469529333815762,True,Mut;Compound
3553,PD-SC4-04,G04,4.117016693443039,Mut;SKL2001,5e-06,S8320-01,SKL2001,Wnt/beta-catenin,3133.0,0.7422841,25.280348549902225,-1.1674963,-0.98201036,10.44394,-1.1811429,-1.711369,-2.6652446,-1.1633048,-1.1946111,1.3613007,16.24161,4.4841437,16.50908,18.50995,-0.556822,-0.71286875,-0.64264166,2.223123,11.726686,12.7796,1.7106059,9.0535,8.3368635,20.570204,4.0950203,14.744562,1.7376723,2.5577471,25.661398,23.865194,13.122456,19.17731,-7.9944086,8.418337,-18.242939,10.065004,8.33556,36.70947,8.51878,8.362063,-17.494272,8.811903,13.800965,11.983022,-2.9893076,3.3982532,0.19883923,8.114504,-0.7891285,0.9515795,1.1654879,2.9791133,-0.5676397,0.5676397,0.5034713,3288.0,2.8380668,314.75418980531464,1.2987940231347488,True,Mut;Compound
3607,PD-SC4-04,E21,4.309923918558339,Mut;RG2833,5e-06,S7292-01,RG2833,HDAC,4153.0,1.7605677,26.40051440764531,-4.669782,-4.558527,-1.6278524,-1.3675874,-3.5836933,-3.3185043,-1.3954718,-1.357725,-2.350417,14.133143,1.9704194,22.708042,19.817904,4.9345098,3.952509,2.0388074,3.6233137,15.494357,19.489712,3.7941813,13.064433,14.06509,23.772276,3.261019,20.55905,2.9178731,4.24084,42.34967,33.474884,12.901726,17.113949,-6.7406735,7.6049237,-13.053703,9.037261,7.5494976,35.368313,7.694875,7.5653195,-12.327789,7.643598,22.63894,22.006332,-3.0312915,2.9045568,5.035888,21.82899,0.27212322,2.0098813,2.5113995,1.7351972,-0.6416177,0.6416164,0.66382414,3288.0,2.8380668,314.75418980531464,1.2987940231347488,True,Mut;Compound
3630,PD-SC4-04,C07,4.244290782872013,Mut;Tinostamustine,5e-06,S8769-01,Tinostamustine,HDAC,2751.0,-0.47979346,25.539654966206825,-2.9174256,-2.8783343,8.027531,1.382171,-1.0316854,-0.27176878,1.0160445,1.1168747,-0.21996638,17.118979,0.6204653,20.450298,21.068628,-1.0037887,-2.1507974,-2.227703,1.5287973,13.85769,16.216583,1.7299541,11.251901,9.713141,22.132921,2.9020119,17.816307,2.9178123,3.6082096,37.24062,32.130768,13.9642105,19.343836,-5.3969736,8.676114,-11.749184,11.377691,8.565609,81.97147,8.870693,8.592824,-11.135032,9.359795,20.999487,18.922024,-3.0682726,-0.48440138,-1.2756417,13.215116,-1.2866924,0.6694269,2.1191342,4.3747964,-0.30307353,0.3030748,-0.85696936,3288.0,2.8380668,314.75418980531464,1.2987940231347488,True,Mut;Compound
3639,PD-SC4-04,E18,4.424617661662684,Mut;VPS34 inhibitor 1,5e-06,S8456-01,VPS34 inhibitor 1,PI3K,3290.0,3.3942175,26.49109250888878,-1.4903332,-1.3396871,8.806945,1.6619191,-1.1193228,-0.88566583,1.2356992,1.1753823,1.2225616,16.703297,1.3857427,18.997932,19.785833,2.609929,0.13118933,-0.45324817,2.826117,12.608204,14.988758,1.969707,9.946426,10.131238,21.058598,4.6514683,15.929547,3.171122,3.6628253,31.8445,27.751001,15.942414,19.500387,-9.075173,8.303329,-16.463234,10.67722,8.283507,120.04257,8.564233,8.272262,-15.71638,9.270351,15.245749,13.248596,2.0423646,-0.6611551,1.6133143,12.95359,-2.7605371,-1.3427519,0.045488384,2.6254022,1.5421139,-1.5421152,0.08196214,3288.0,2.8380668,314.75418980531464,1.2987940231347488,True,Mut;Compound
3649,PD-SC4-04,E07,4.644055736562312,Mut;FCCP,5e-06,S8276-01,FCCP,ATPase,2484.0,8.186172,7.386619120838193,1.576018,1.577752,2.0902286,1.3057858,-1.2418346,-1.3626289,0.9030694,0.763212,5.2071424,12.911764,4.2914453,5.759844,12.112159,2.5998263,-4.674691,-1.4839526,2.508388,1.8449608,3.2713804,0.83407587,1.0377417,-0.7562336,10.74517,9.745603,3.4356632,1.5477741,0.9843249,3.6170657,2.913314,6.4784627,6.0210347,-0.46019775,3.578493,-3.3769052,4.373271,3.5526364,1.5896561,3.5909026,3.5630624,-2.9872255,3.5568378,2.272991,0.9456552,10.210291,1.6013296,-0.23659216,-1.0885273,-3.7347205,-3.0839868,-2.0924144,3.2916017,7.1837826,-7.1837854,-1.2039706,3288.0,2.8380668,314.75418980531464,1.2987940231347488,True,Mut;Compound
3689,PD-SC4-04,L07,5.045233389454042,Mut;Trifluoperazine,5e-06,S5856-01,Trifluoperazine,Dopamine Receptor,3186.0,2.6236227,28.33349788039614,-1.7780088,-1.664641,7.824054,0.04172851,-1.0640767,-0.64095134,-0.09426492,-0.06554215,0.18585293,16.094557,0.36098272,15.79737,20.354652,3.202408,2.6571462,1.2864034,2.3337648,10.319438,12.148616,1.9160403,8.66365,14.891492,24.037766,2.2762542,15.449074,1.3165572,2.3523066,26.307802,21.986052,16.728966,25.547792,-12.974559,7.1993194,-27.731316,11.0083685,7.0564604,3.628821,7.23185,7.107456,-27.08124,10.7623,12.68145,11.49858,-3.957433,0.5198723,2.1140811,9.728774,-1.9725672,-1.1014829,-0.20063066,-1.4472057,-0.7199366,0.7199353,1.1191067,3288.0,2.8380668,314.75418980531464,1.2987940231347488,True,Mut;Compound
3733,PD-SC4-04,I21,5.682013080099359,Mut;TIC10,5e-06,S7963-01,TIC10,Akt,2793.0,3.72848,1.4254252136808394,-0.54803646,-0.49475974,-9.165424,-1.3593107,-1.3577151,-1.4041753,-1.2855018,-1.2565928,4.1352844,13.915475,3.1859422,7.127664,11.511521,1.8856508,-0.6887029,-0.6725259,3.1607988,3.581634,4.3856587,1.3761234,1.7915591,0.83005035,13.815972,4.603053,4.9087586,16.808401,13.738257,4.079236,3.6055975,3.9086335,2.909864,0.42837203,2.849289,-0.29088855,2.6533604,2.8382509,17.177538,2.8938854,2.8412337,-0.63381153,1.8320364,3.4662611,1.8220798,10.008069,0.3152256,0.893347,2.0524213,-3.540057,-4.4523425,-3.5933769,1.7157335,4.541684,-4.541687,1.1157168,3288.0,2.8380668,314.75418980531464,1.2987940231347488,True,Mut;Compound
3736,PD-SC4-04,I18,4.595532857520966,Mut;Thiothixene,5e-06,S9467-01,Thiothixene,None,2984.0,5.4068885,27.18160675369221,-0.21799001,0.0007504398,6.5460367,0.042899646,-0.77695537,-1.6022992,-0.054578044,-0.21622857,4.3312254,25.901827,2.5132217,19.432201,29.717396,4.0359187,-1.06671,-0.6427034,3.5000238,10.93458,12.535952,1.3681351,8.195218,9.011257,32.461296,6.1229753,17.626104,2.7436,3.258374,25.868326,21.956348,19.138323,23.037762,-10.21785,8.838465,-22.065754,13.220712,8.769377,58.642876,8.9724455,8.784006,-21.539087,11.176965,13.9178,10.313935,2.730535,1.1558297,2.2451026,9.161009,-1.9359326,-1.0037487,0.6844492,2.39715,-0.20382933,0.20382676,1.119004,3288.0,2.8380668,314.75418980531464,1.2987940231347488,True,Mut;Compound
3770,PD-SC4-04,K05,4.296259644434454,Mut;UNC2025,5e-06,S7576-01,UNC2025,TAM Receptor#FLT3,2431.0,12.074381,18.15048356003103,5.006871,5.00852,0.9540668,0.45135123,-3.3736286,-2.9658866,-0.16988675,-0.20432027,6.6224227,21.242167,5.7439766,12.914454,22.916029,8.623345,-3.6182177,-2.6351905,2.1082761,6.092929,8.040428,-3.322722,3.0045154,12.2561655,26.162415,12.068616,9.278372,4.481499,4.2669706,13.350525,11.364052,15.422246,17.66253,-8.765257,4.74897,-16.226818,7.2697644,4.7450395,-0.11421943,4.764525,4.751026,-16.165184,5.9075565,13.338215,12.641048,-0.76863974,0.27118742,0.047213677,6.462218,-4.7446685,-3.7652183,-1.2397054,1.7991328,6.6602073,-6.6602087,-1.2962837,3288.0,2.8380668,314.75418980531464,1.2987940231347488,True,Mut;Compound
3806,PD-SC5-01,K11,15.507480048759511,Mut;WAY-657095,5e-06,P3150-01,WAY-657095,Immunology & Inflammation related,3205.0,1.6134778,33.24320618533396,80.55147,80.909805,-0.87597126,-1.2132673,-4.2301755,-4.705124,-2.0532424,-1.9447808,4.231186,8.113312,1.6689326,12.170126,9.663001,0.7394143,-0.890327,-1.1590723,0.07720247,8.542385,10.201173,-0.39488548,7.755427,10.650114,9.674637,2.304884,9.996649,1.1159859,1.4809858,19.713383,17.061726,12.071142,7.1264343,-7.4683046,11.4310665,-7.014053,9.158447,11.500227,3.9961438,11.38588,11.48747,-6.977802,10.698252,12.170208,12.040072,0.33687302,0.5981496,-0.079453126,8.901057,-3.9632053,-1.3710103,1.7148316,0.85264885,-1.6511593,1.6511556,-1.3452363,3009.0,2.17453945,168.89881765737914,1.0735144276693362,True,Mut;Compound
3840,PD-SC5-01,J05,9.861705361057597,Mut;WAY-658979,5e-06,P3180-01,WAY-658979,Anti-infection,3385.0,1.1502846,32.72192439001518,47.592175,47.228897,1.670481,0.06863803,-9.66667,-8.064029,-2.9846997,-2.5186355,3.3966002,7.9344954,4.5208573,12.123144,9.655835,1.1077743,-0.77467793,-1.4714407,1.0279976,8.797674,10.264005,1.0234761,8.605366,5.6610346,9.045672,8.229444,10.276208,1.1465185,1.2198411,15.859333,13.183404,34.012123,9.188009,-9.489794,17.210093,-8.942423,16.363256,17.405704,5.80566,17.130579,17.35026,-8.627764,18.019861,9.734381,8.259622,3.1039104,3.6240404,1.3940642,8.185838,-9.181381,-7.4514394,-2.042605,2.2807817,-0.27043176,0.2704302,1.0263411,3009.0,2.17453945,168.89881765737914,1.0735144276693362,True,Mut;Compound
3915,PD-SC5-01,D22,4.978074977299703,Mut;Alectinib hydrochloride,2.5e-06,S5232-01,Alectinib hydrochloride,ALK,3074.0,-0.52004224,4.862042404135252,2.0316064,2.0286603,-0.06374679,-1.4999965,-3.0829518,-2.1582072,-2.0158932,-1.6569356,3.5825863,2.6808696,6.2070446,-0.19920878,3.2394404,-3.4949548,-6.028887,-4.8124075,-2.1594574,-1.4211366,-1.0697517,-2.945807,-2.5739017,-1.4019164,3.030832,8.154235,-0.70736915,0.9563261,1.1068758,-0.49690598,-0.6414876,2.6365244,-0.16207777,1.1609651,1.3593409,0.30310136,1.4460111,1.3786765,-0.11859106,1.348202,1.381707,0.1234654,1.4847835,-0.24826391,-1.2399236,0.19277516,1.568186,-2.72631,-2.4775028,-11.304609,-13.501661,-11.60597,2.1973462,2.4568293,-2.456828,-4.8863974,3009.0,2.17453945,168.89881765737914,1.0735144276693362,True,Mut;Compound
3968,PD-SC5-01,G17,4.319032604937108,Mut;Chloroquine Phosphate,5e-06,S4157-01,Chloroquine Phosphate,Autophagy#ATM/ATR,3326.0,5.8774567,26.48394024770255,0.066918105,0.14621633,-0.9870474,-2.7014432,-4.429927,-3.9485817,-3.0290558,-2.6902618,2.4481213,11.497943,4.9455934,21.735394,15.168822,6.076666,1.449561,1.5346652,2.2525513,13.184921,17.916948,2.9833384,11.937103,11.639571,15.3625145,6.6472754,17.166046,1.9904815,2.7155967,33.75809,26.438456,16.68122,11.8556185,-10.119508,8.987353,-11.251704,8.9049225,9.103416,5.6234407,8.951759,9.070036,-11.390459,9.682614,17.493572,16.916769,4.603456,0.96118706,4.438785,24.19455,-6.0558124,-4.2190027,-0.8308405,1.2032411,0.82071096,-0.82071435,-0.42466345,3009.0,2.17453945,168.89881765737914,1.0735144276693362,True,Mut;Compound
4283,PD-SC5-03,K15,22.421527880561797,Mut;WAY-657095,5e-06,P3150-01,WAY-657095,Immunology & Inflammation related,2732.0,4.810145,43.19118985408208,128.08743,127.5365,1.3778255,2.048664,-1.9140539,-1.4441687,1.0910189,0.9803912,3.8259706,11.152619,3.902528,18.854834,9.658957,0.88507235,-1.668964,-0.37172937,2.6611807,7.5988913,10.25862,2.1738534,7.0556684,2.612654,7.1129537,6.205086,10.0723915,0.66751176,0.5047707,12.035253,10.871706,11.54005,12.695049,-7.0098057,14.7609005,-8.390609,12.009946,15.060792,1.8257403,14.582504,14.982781,-8.451547,13.428389,5.3675838,3.5180042,6.917885,1.9780127,0.9505598,4.1136675,-4.714557,-2.6857684,0.026750425,0.8200448,-1.0116491,1.0116526,-2.4495149,2871.0,4.222726,176.2078318350236,2.526747225699246,True,Mut;Compound
4435,PD-SC5-03,D05,18.228391507703986,Mut;WAY-658979,5e-06,P3180-01,WAY-658979,Anti-infection,3085.0,2.4849346,46.72383646857875,89.61326,88.360466,3.4245477,3.6043699,-5.6321683,-4.606673,0.06479569,1.0357332e-05,0.6912657,8.226396,5.974428,31.676231,9.059656,1.8474934,-0.2185176,0.59714484,5.5608616,17.557453,23.876425,8.746972,20.506054,3.9350717,5.981228,8.654624,18.207602,-0.063119136,0.009831178,21.445873,19.36253,24.83418,14.68853,-11.550301,22.528381,-10.714137,18.577002,23.15148,1.7158377,22.19589,22.983225,-10.718994,19.430588,8.425121,6.867643,-1.0543754,6.892975,3.2534757,11.473149,0.56931543,1.4520897,2.1099222,1.7961429,-1.5836753,1.5836779,2.9696841,2871.0,4.222726,176.2078318350236,2.526747225699246,True,Mut;Compound
4522,PD-SC5-04,F10,5.470822217934252,Mut;Chloroquine Phosphate,5e-06,S4157-01,Chloroquine Phosphate,Autophagy#ATM/ATR,2359.0,12.738641,27.551228412249596,-0.10164347,-0.006574656,0.038425665,-1.4776746,-1.5052925,-0.5942999,-1.7081462,-1.4524164,3.5100832,7.1962185,4.517564,24.640923,8.226199,6.868822,3.4160795,6.5997787,8.122334,22.720566,26.320723,8.657284,17.999378,6.8261876,7.867277,9.9676485,18.581749,0.27324054,0.38978073,52.9201,53.08665,18.886005,24.513845,-12.249,12.807514,-15.833205,11.032361,12.469516,16.212748,12.859722,12.569936,-16.351597,9.636799,17.12265,16.317371,6.0759916,3.7895315,5.8924317,18.373398,-2.277601,-0.62466353,0.656899,1.4186039,5.42367,-5.423671,2.6282938,3002.0,2.54413045,336.2757143485179,1.9712456095291782,True,Mut;Compound
4562,PD-SC5-04,D08,10.63774653049632,Mut;WAY-657095,5e-06,P3150-01,WAY-657095,Immunology & Inflammation related,3015.0,1.4297109,27.039920662199098,59.761265,58.59003,1.8672155,0.515823,0.3323198,-0.6930699,0.23269886,0.090089925,1.8271592,3.7020993,5.156356,10.40951,4.0154643,0.8418315,-0.08738431,2.7107828,1.3076737,9.887961,11.704538,5.942793,8.813917,1.5453672,3.3882823,11.71173,7.9084764,-0.33494774,-0.26940453,15.591068,15.187248,14.852318,12.615808,-7.469799,12.649259,-8.158823,8.887937,12.458032,0.4414304,12.669086,12.517057,-8.202529,8.9428625,5.4719634,6.246223,1.2935289,6.7766232,0.41515073,5.1212163,-4.5469284,-2.4149752,-0.38807404,1.2649684,3.7547693,-3.7547708,1.7809398,3002.0,2.54413045,336.2757143485179,1.9712456095291782,True,Mut;Compound
4589,PD-SC5-04,D11,6.053883258456239,Mut;Alectinib hydrochloride,2.5e-06,S5232-01,Alectinib hydrochloride,ALK,2319.0,1.3229704,9.990748074877766,5.266657,5.111054,0.8090987,-1.1397727,-0.545618,-0.9042984,-1.3040302,-1.2708083,5.0112658,1.9538219,5.573131,2.6529279,1.5167648,-2.8173401,-4.418858,-1.3461955,-1.7786851,-1.4086031,1.9905622,1.7264736,-1.08137,-1.2869397,1.0812845,11.434411,0.330228,-0.4467919,-0.34587663,0.342127,0.12185168,6.786498,3.5039783,0.69051534,3.1461744,-0.65182364,3.7952669,3.1305707,0.13424642,3.141108,3.132835,-0.24625817,3.4414036,-1.5851771,-2.311082,5.0510583,3.4139297,-7.1242623,-3.0561981,-10.428017,-9.315114,-15.053595,-1.8721192,10.217353,-10.217359,-5.1458287,3002.0,2.54413045,336.2757143485179,1.9712456095291782,True,Mut;Compound
